edge_idx;source_name;source_label;relation_type;target_name;target_label;period_id;period_label;n_chunks_in_period;event_natural_periods;aligned
0;Harb bin Umayyah;PERSON;INVOLVED_IN;Perang Fijar;EVENT;P1;Nasab & Kelahiran Nabi;1;P1;True
1;Muhammad;PERSON;INVOLVED_IN;Perang Fijar;EVENT;P1;Nasab & Kelahiran Nabi;1;P1;True
2;Amr bin Al-Ash;PERSON;INVOLVED_IN;Perang Badr;EVENT;P4;Dakwah Jahriyah & Tekanan Quraisy;1;P8;False
3;Najasyi;PERSON;INVOLVED_IN;Perang Badr;EVENT;P4;Dakwah Jahriyah & Tekanan Quraisy;1;P8;False
4;Ubay bin Khalaf;PERSON;INVOLVED_IN;Perang Uhud;EVENT;P4;Dakwah Jahriyah & Tekanan Quraisy;1;P9;False
5;Muhammad;PERSON;INVOLVED_IN;Perang Badr;EVENT;P4;Dakwah Jahriyah & Tekanan Quraisy;1;P8;False
5;Muhammad;PERSON;INVOLVED_IN;Perang Badr;EVENT;P7;Membangun Masyarakat Madinah;1;P8;False
5;Muhammad;PERSON;INVOLVED_IN;Perang Badr;EVENT;P8;Perang Badr & Dampaknya;4;P8;True
5;Muhammad;PERSON;INVOLVED_IN;Perang Badr;EVENT;P9;Perang Uhud & Satuan Pasukan Pasca Uhud;4;P8;False
5;Muhammad;PERSON;INVOLVED_IN;Perang Badr;EVENT;P10;Perang Khandaq hingga Bani Mushthaliq;1;P8;False
6;Abu Jahal;PERSON;INVOLVED_IN;Perang Badr;EVENT;P4;Dakwah Jahriyah & Tekanan Quraisy;1;P8;False
7;Abu Sufyan bin Harb;PERSON;INVOLVED_IN;Perang Badr;EVENT;P4;Dakwah Jahriyah & Tekanan Quraisy;1;P8;False
7;Abu Sufyan bin Harb;PERSON;INVOLVED_IN;Perang Badr;EVENT;P8;Perang Badr & Dampaknya;1;P8;True
7;Abu Sufyan bin Harb;PERSON;INVOLVED_IN;Perang Badr;EVENT;P9;Perang Uhud & Satuan Pasukan Pasca Uhud;3;P8;False
8;Perang Badr;EVENT;OCCURRED_AT;Yatsrib;LOCATION;P4;Dakwah Jahriyah & Tekanan Quraisy;1;P8;False
9;Abu Bakar;PERSON;INVOLVED_IN;Perang Uhud;EVENT;P4;Dakwah Jahriyah & Tekanan Quraisy;1;P9;False
10;Muhammad;PERSON;INVOLVED_IN;Perang Uhud;EVENT;P4;Dakwah Jahriyah & Tekanan Quraisy;1;P9;False
10;Muhammad;PERSON;INVOLVED_IN;Perang Uhud;EVENT;P8;Perang Badr & Dampaknya;1;P9;False
10;Muhammad;PERSON;INVOLVED_IN;Perang Uhud;EVENT;P9;Perang Uhud & Satuan Pasukan Pasca Uhud;6;P9;True
10;Muhammad;PERSON;INVOLVED_IN;Perang Uhud;EVENT;P10;Perang Khandaq hingga Bani Mushthaliq;1;P9;False
11;Urwah bin Az-Zubair;PERSON;INVOLVED_IN;Perang Uhud;EVENT;P5;Dakwah di Luar Makkah & Isra Mi'raj;1;P9;False
12;Aisyah;PERSON;INVOLVED_IN;Perang Uhud;EVENT;P5;Dakwah di Luar Makkah & Isra Mi'raj;1;P9;False
13;Ibnu Abdi;PERSON;INVOLVED_IN;Perang Uhud;EVENT;P5;Dakwah di Luar Makkah & Isra Mi'raj;1;P9;False
14;Yalail bin Abdi;PERSON;INVOLVED_IN;Perang Uhud;EVENT;P5;Dakwah di Luar Makkah & Isra Mi'raj;1;P9;False
15;Perang Uhud;EVENT;OCCURRED_AT;Aqabah;LOCATION;P5;Dakwah di Luar Makkah & Isra Mi'raj;1;P9;False
16;Abu Rasulullah;PERSON;INVOLVED_IN;Perang Badr;EVENT;P5;Dakwah di Luar Makkah & Isra Mi'raj;1;P8;False
17;Perang Khandaq;EVENT;OCCURRED_AT;Yaman;LOCATION;P5;Dakwah di Luar Makkah & Isra Mi'raj;1;P10;False
18;Qais bin Al-Aslat;PERSON;INVOLVED_IN;Perang Khandaq;EVENT;P5;Dakwah di Luar Makkah & Isra Mi'raj;1;P10;False
19;Mush'ab bin Umair;PERSON;INVOLVED_IN;Perang Khandaq;EVENT;P5;Dakwah di Luar Makkah & Isra Mi'raj;1;P10;False
20;Baiat Aqabah Kubra;EVENT;OCCURRED_AT;Aqabah;LOCATION;P5;Dakwah di Luar Makkah & Isra Mi'raj;1;P5;True
21;Muhammad;PERSON;INVOLVED_IN;Baiat Aqabah;EVENT;P5;Dakwah di Luar Makkah & Isra Mi'raj;1;P5;True
21;Muhammad;PERSON;INVOLVED_IN;Baiat Aqabah;EVENT;P8;Perang Badr & Dampaknya;1;P5;False
22;Abu Salamah bin Abdul Asad;PERSON;INVOLVED_IN;Baiat Aqabah Kubra;EVENT;P5;Dakwah di Luar Makkah & Isra Mi'raj;1;P5;True
23;Baiat Aqabah Kubra;EVENT;OCCURRED_AT;Madinah;LOCATION;P5;Dakwah di Luar Makkah & Isra Mi'raj;1;P5;True
24;Muhammad;PERSON;INVOLVED_IN;Baiat Aqabah Kubra;EVENT;P5;Dakwah di Luar Makkah & Isra Mi'raj;1;P5;True
24;Muhammad;PERSON;INVOLVED_IN;Baiat Aqabah Kubra;EVENT;P6;Hijrah ke Madinah;1;P5;False
25;Abu Bakar;PERSON;INVOLVED_IN;Baiat Aqabah Kubra;EVENT;P5;Dakwah di Luar Makkah & Isra Mi'raj;1;P5;True
26;Ali bin Abu Thalib;PERSON;INVOLVED_IN;Baiat Aqabah Kubra;EVENT;P5;Dakwah di Luar Makkah & Isra Mi'raj;1;P5;True
27;Baiat Aqabah Kubra;EVENT;OCCURRED_AT;Makkah;LOCATION;P5;Dakwah di Luar Makkah & Isra Mi'raj;1;P5;True
27;Baiat Aqabah Kubra;EVENT;OCCURRED_AT;Makkah;LOCATION;P6;Hijrah ke Madinah;1;P5;False
28;Baiat Aqabah Kubra;EVENT;OCCURRED_ON;hari Kamis;TIME;P6;Hijrah ke Madinah;1;P5;False
29;Baiat Aqabah Kubra;EVENT;OCCURRED_ON;tanggal 26 Shafar;TIME;P6;Hijrah ke Madinah;1;P5;False
30;Baiat Aqabah Kubra;EVENT;OCCURRED_ON;tahun 14 dari nubuwah;TIME;P6;Hijrah ke Madinah;1;P5;False
31;Baiat Aqabah Kubra;EVENT;OCCURRED_ON;tanggal 12 September;TIME;P6;Hijrah ke Madinah;1;P5;False
32;Baiat Aqabah Kubra;EVENT;OCCURRED_ON;tahun 622 M;TIME;P6;Hijrah ke Madinah;1;P5;False
33;Perjanjian Hudaibiyah;EVENT;OCCURRED_ON;bulan Ramadhan;TIME;P7;Membangun Masyarakat Madinah;1;P11;False
34;Fathul Makkah;EVENT;OCCURRED_ON;bulan Ramadhan;TIME;P7;Membangun Masyarakat Madinah;1;P12;False
35;Al-Miqdad bin Amr;PERSON;INVOLVED_IN;Perang Abwa';EVENT;P7;Membangun Masyarakat Madinah;1;P8;False
36;Muhammad;PERSON;INVOLVED_IN;Perang Abwa';EVENT;P7;Membangun Masyarakat Madinah;1;P8;False
37;Sa'd bin Ubadah;PERSON;INVOLVED_IN;Perang Abwa';EVENT;P7;Membangun Masyarakat Madinah;1;P8;False
38;Perang Abwa';EVENT;OCCURRED_ON;bulan Shafar 2 H;TIME;P7;Membangun Masyarakat Madinah;1;P8;False
39;Muhammad;PERSON;INVOLVED_IN;Perang Buwath;EVENT;P7;Membangun Masyarakat Madinah;1;P8;False
40;Hamzah bin Abdul Muththalib;PERSON;INVOLVED_IN;Perang Buwath;EVENT;P7;Membangun Masyarakat Madinah;1;P8;False
41;Umayyah bin Khalaf;PERSON;INVOLVED_IN;Perang Buwath;EVENT;P7;Membangun Masyarakat Madinah;1;P8;False
42;Perang Buwath;EVENT;OCCURRED_ON;bulan Rabi'ul Awwal 2 H;TIME;P7;Membangun Masyarakat Madinah;1;P8;False
43;Sa'd bin Mu'adz;PERSON;INVOLVED_IN;Perang Safawan;EVENT;P7;Membangun Masyarakat Madinah;1;P8;False
44;Kurz bin Jabir;PERSON;INVOLVED_IN;Perang Safawan;EVENT;P7;Membangun Masyarakat Madinah;1;P8;False
45;Perang Safawan;EVENT;OCCURRED_AT;Madinah;LOCATION;P7;Membangun Masyarakat Madinah;1;P8;False
46;Perang Safawan;EVENT;OCCURRED_ON;bulan Rabi'ul Awwal 2 H;TIME;P7;Membangun Masyarakat Madinah;1;P8;False
47;Zaid bin Haritsah;PERSON;INVOLVED_IN;Perang Badr Ula;EVENT;P7;Membangun Masyarakat Madinah;1;P9;False
48;Ali bin Abu Thalib;PERSON;INVOLVED_IN;Perang Badr Ula;EVENT;P7;Membangun Masyarakat Madinah;1;P9;False
49;Perang Badr Ula;EVENT;OCCURRED_ON;bulan Jumada;TIME;P7;Membangun Masyarakat Madinah;1;P9;False
50;Zaid bin Haritsah;PERSON;INVOLVED_IN;Perang Dzul Usyairah;EVENT;P7;Membangun Masyarakat Madinah;1;P8;False
51;Ali bin Abu Thalib;PERSON;INVOLVED_IN;Perang Dzul Usyairah;EVENT;P7;Membangun Masyarakat Madinah;1;P8;False
52;Muhammad;PERSON;INVOLVED_IN;Perang Dzul Usyairah;EVENT;P7;Membangun Masyarakat Madinah;1;P8;False
53;Perang Dzul Usyairah;EVENT;OCCURRED_ON;bulan Jumada;TIME;P7;Membangun Masyarakat Madinah;1;P8;False
54;Kurz bin Jabir;PERSON;INVOLVED_IN;Perang Badr;EVENT;P7;Membangun Masyarakat Madinah;1;P8;False
55;Hakim bin Hizam;PERSON;INVOLVED_IN;Perang Badr;EVENT;P8;Perang Badr & Dampaknya;1;P8;True
56;Umair bin Wahb;PERSON;INVOLVED_IN;Perang Badr;EVENT;P8;Perang Badr & Dampaknya;2;P8;True
57;Perang Badr;EVENT;OCCURRED_AT;Madinah;LOCATION;P8;Perang Badr & Dampaknya;2;P8;True
57;Perang Badr;EVENT;OCCURRED_AT;Madinah;LOCATION;P9;Perang Uhud & Satuan Pasukan Pasca Uhud;2;P8;False
58;Abdurrahman bin Auf;PERSON;INVOLVED_IN;Perang Badr;EVENT;P8;Perang Badr & Dampaknya;1;P8;True
59;Ukkasyah bin Mihshan;PERSON;INVOLVED_IN;Perang Badr;EVENT;P8;Perang Badr & Dampaknya;1;P8;True
60;Al-Abbas bin Abdul Muththalib;PERSON;INVOLVED_IN;Perang Badr;EVENT;P8;Perang Badr & Dampaknya;1;P8;True
61;Abu Lahab;PERSON;INVOLVED_IN;Perang Badr;EVENT;P8;Perang Badr & Dampaknya;1;P8;True
62;Perang Uhud;EVENT;OCCURRED_AT;Madinah;LOCATION;P8;Perang Badr & Dampaknya;2;P9;False
62;Perang Uhud;EVENT;OCCURRED_AT;Madinah;LOCATION;P9;Perang Uhud & Satuan Pasukan Pasca Uhud;1;P9;True
63;Siba bin Arfazhah;PERSON;INVOLVED_IN;Perang Badr;EVENT;P8;Perang Badr & Dampaknya;1;P8;True
64;Ibnu Ummi;PERSON;INVOLVED_IN;Perang Badr;EVENT;P8;Perang Badr & Dampaknya;1;P8;True
65;Perang Badr;EVENT;OCCURRED_AT;Badr;LOCATION;P8;Perang Badr & Dampaknya;1;P8;True
65;Perang Badr;EVENT;OCCURRED_AT;Badr;LOCATION;P9;Perang Uhud & Satuan Pasukan Pasca Uhud;1;P8;False
66;Perang Badr;EVENT;OCCURRED_ON;bulan Syawwal 2 H;TIME;P8;Perang Badr & Dampaknya;1;P8;True
67;Perang Badr;EVENT;OCCURRED_AT;Makkah;LOCATION;P8;Perang Badr & Dampaknya;1;P8;True
67;Perang Badr;EVENT;OCCURRED_AT;Makkah;LOCATION;P9;Perang Uhud & Satuan Pasukan Pasca Uhud;2;P8;False
68;Shafwan bin Umayyah;PERSON;INVOLVED_IN;Perang Badr;EVENT;P8;Perang Badr & Dampaknya;1;P8;True
68;Shafwan bin Umayyah;PERSON;INVOLVED_IN;Perang Badr;EVENT;P9;Perang Uhud & Satuan Pasukan Pasca Uhud;2;P8;False
69;Wahb bin Umair;PERSON;INVOLVED_IN;Perang Badr;EVENT;P8;Perang Badr & Dampaknya;1;P8;True
70;Umar bin Al-Khaththab;PERSON;INVOLVED_IN;Perang Badr;EVENT;P8;Perang Badr & Dampaknya;1;P8;True
70;Umar bin Al-Khaththab;PERSON;INVOLVED_IN;Perang Badr;EVENT;P9;Perang Uhud & Satuan Pasukan Pasca Uhud;1;P8;False
70;Umar bin Al-Khaththab;PERSON;INVOLVED_IN;Perang Badr;EVENT;P12;Perang Mu'tah & Penaklukan Makkah;1;P8;False
71;Abdullah bin Abbas;PERSON;INVOLVED_IN;Perang Badr;EVENT;P8;Perang Badr & Dampaknya;1;P8;True
72;Abu Lubabah bin Abdul;PERSON;INVOLVED_IN;Perang Badr;EVENT;P8;Perang Badr & Dampaknya;1;P8;True
73;Perang Badr;EVENT;OCCURRED_ON;bulan Dzul Hijjah;TIME;P8;Perang Badr & Dampaknya;1;P8;True
74;Perang Uhud;EVENT;OCCURRED_ON;bulan Muharram 3 H;TIME;P8;Perang Badr & Dampaknya;1;P9;False
75;Perang Uhud;EVENT;OCCURRED_ON;bulan Jumada;TIME;P8;Perang Badr & Dampaknya;1;P9;False
76;Perang Badr;EVENT;OCCURRED_ON;bulan Jumada;TIME;P8;Perang Badr & Dampaknya;1;P8;True
77;Furat bin Hayyan;PERSON;INVOLVED_IN;Perang Badr;EVENT;P8;Perang Badr & Dampaknya;1;P8;True
78;Perang Uhud Jabal;EVENT;OCCURRED_AT;Uhud;LOCATION;P8;Perang Badr & Dampaknya;1;P9;False
79;Ikrimah bin Abu Jahal;PERSON;INVOLVED_IN;Perang Badr;EVENT;P9;Perang Uhud & Satuan Pasukan Pasca Uhud;1;P8;False
80;Abdullah bin Abu Rabi'ah;PERSON;INVOLVED_IN;Perang Badr;EVENT;P9;Perang Uhud & Satuan Pasukan Pasca Uhud;1;P8;False
81;Hamzah bin Abdul Muththalib;PERSON;INVOLVED_IN;Perang Badr;EVENT;P9;Perang Uhud & Satuan Pasukan Pasca Uhud;1;P8;False
82;Ali bin Abu Thalib;PERSON;INVOLVED_IN;Perang Badr;EVENT;P9;Perang Uhud & Satuan Pasukan Pasca Uhud;1;P8;False
83;Abu Azzah;PERSON;INVOLVED_IN;Perang Badr;EVENT;P9;Perang Uhud & Satuan Pasukan Pasca Uhud;1;P8;False
84;Abu Azzah;PERSON;INVOLVED_IN;Perang Uhud;EVENT;P9;Perang Uhud & Satuan Pasukan Pasca Uhud;1;P9;True
85;Abu Sufyan bin Harb;PERSON;INVOLVED_IN;Perang Uhud;EVENT;P9;Perang Uhud & Satuan Pasukan Pasca Uhud;3;P9;True
86;As'ad bin Zurarah;PERSON;INVOLVED_IN;Perang Uhud;EVENT;P9;Perang Uhud & Satuan Pasukan Pasca Uhud;1;P9;True
87;Perang Uhud;EVENT;OCCURRED_ON;bulan Rabi'ul Awwal 4 H;TIME;P9;Perang Uhud & Satuan Pasukan Pasca Uhud;1;P9;True
88;Perang Uhud;EVENT;OCCURRED_ON;bulan Jumadil Ula;TIME;P9;Perang Uhud & Satuan Pasukan Pasca Uhud;1;P9;True
89;Abu Salamah bin Abdul Asad;PERSON;INVOLVED_IN;Perang Uhud;EVENT;P9;Perang Uhud & Satuan Pasukan Pasca Uhud;1;P9;True
90;Perang Uhud;EVENT;OCCURRED_ON;bulan Muharram 4 H;TIME;P9;Perang Uhud & Satuan Pasukan Pasca Uhud;1;P9;True
91;Zaid bin Haritsah;PERSON;INVOLVED_IN;Perang Badr;EVENT;P9;Perang Uhud & Satuan Pasukan Pasca Uhud;2;P8;False
92;Hujair bin Abu Ihab;PERSON;INVOLVED_IN;Perang Badr;EVENT;P9;Perang Uhud & Satuan Pasukan Pasca Uhud;1;P8;False
93;Zaid bin Ad-Dastinah;PERSON;INVOLVED_IN;Perang Badr;EVENT;P9;Perang Uhud & Satuan Pasukan Pasca Uhud;1;P8;False
94;Ka'b bin Zaid bin An-Najjar;PERSON;INVOLVED_IN;Perang Khandaq;EVENT;P9;Perang Uhud & Satuan Pasukan Pasca Uhud;1;P10;False
95;Amr bin Umayyah;PERSON;INVOLVED_IN;Perang Khandaq;EVENT;P9;Perang Uhud & Satuan Pasukan Pasca Uhud;1;P10;False
96;Al-Mundzir bin Uqbah bin Amir;PERSON;INVOLVED_IN;Perang Khandaq;EVENT;P9;Perang Uhud & Satuan Pasukan Pasca Uhud;1;P10;False
97;Amr bin Umayyah;PERSON;INVOLVED_IN;Perang Uhud;EVENT;P9;Perang Uhud & Satuan Pasukan Pasca Uhud;1;P9;True
98;Ka'b bin Al-Asyraf;PERSON;INVOLVED_IN;Perang Bani Qainuqa';EVENT;P9;Perang Uhud & Satuan Pasukan Pasca Uhud;1;P8;False
99;Ka'b bin Al-Asyraf;PERSON;INVOLVED_IN;Perang Uhud;EVENT;P9;Perang Uhud & Satuan Pasukan Pasca Uhud;1;P9;True
100;Perang Bani Nadhir;EVENT;OCCURRED_ON;bulan Rabi'ul Awwal 4 H;TIME;P9;Perang Uhud & Satuan Pasukan Pasca Uhud;1;P9;True
101;Perang Bani Nadhir;EVENT;OCCURRED_AT;Madinah;LOCATION;P9;Perang Uhud & Satuan Pasukan Pasca Uhud;1;P9;True
102;Abu Hurairah;PERSON;INVOLVED_IN;Perang Badr;EVENT;P9;Perang Uhud & Satuan Pasukan Pasca Uhud;1;P8;False
103;Abu Musa;PERSON;INVOLVED_IN;Perang Badr;EVENT;P9;Perang Uhud & Satuan Pasukan Pasca Uhud;1;P8;False
104;Perang Badr;EVENT;OCCURRED_ON;bulan Rabi'ul Awwal;TIME;P9;Perang Uhud & Satuan Pasukan Pasca Uhud;1;P8;False
105;Perang Badr;EVENT;OCCURRED_ON;Jumadil Ula;TIME;P9;Perang Uhud & Satuan Pasukan Pasca Uhud;1;P8;False
106;Muhammad;PERSON;INVOLVED_IN;Perang Dzatur Riqa';EVENT;P9;Perang Uhud & Satuan Pasukan Pasca Uhud;1;P11;False
106;Muhammad;PERSON;INVOLVED_IN;Perang Dzatur Riqa';EVENT;P11;Hudaibiyah & Babak Baru Diplomasi;1;P11;True
107;Abu Hurairah;PERSON;INVOLVED_IN;Perang Dzatur Riqa';EVENT;P9;Perang Uhud & Satuan Pasukan Pasca Uhud;1;P11;False
107;Abu Hurairah;PERSON;INVOLVED_IN;Perang Dzatur Riqa';EVENT;P11;Hudaibiyah & Babak Baru Diplomasi;1;P11;True
108;Abu Musa;PERSON;INVOLVED_IN;Perang Dzatur Riqa';EVENT;P9;Perang Uhud & Satuan Pasukan Pasca Uhud;1;P11;False
108;Abu Musa;PERSON;INVOLVED_IN;Perang Dzatur Riqa';EVENT;P11;Hudaibiyah & Babak Baru Diplomasi;1;P11;True
109;Perang Dzatur Riqa';EVENT;OCCURRED_ON;bulan Rabi'ul Awwal;TIME;P9;Perang Uhud & Satuan Pasukan Pasca Uhud;1;P11;False
110;Perang Dzatur Riqa';EVENT;OCCURRED_ON;Jumadil Ula;TIME;P9;Perang Uhud & Satuan Pasukan Pasca Uhud;1;P11;False
111;Muhammad;PERSON;INVOLVED_IN;Perang Khaibar;EVENT;P9;Perang Uhud & Satuan Pasukan Pasca Uhud;1;P11;False
111;Muhammad;PERSON;INVOLVED_IN;Perang Khaibar;EVENT;P11;Hudaibiyah & Babak Baru Diplomasi;4;P11;True
112;Abu Hurairah;PERSON;INVOLVED_IN;Perang Khaibar;EVENT;P9;Perang Uhud & Satuan Pasukan Pasca Uhud;1;P11;False
112;Abu Hurairah;PERSON;INVOLVED_IN;Perang Khaibar;EVENT;P11;Hudaibiyah & Babak Baru Diplomasi;1;P11;True
113;Abu Musa;PERSON;INVOLVED_IN;Perang Khaibar;EVENT;P9;Perang Uhud & Satuan Pasukan Pasca Uhud;1;P11;False
113;Abu Musa;PERSON;INVOLVED_IN;Perang Khaibar;EVENT;P11;Hudaibiyah & Babak Baru Diplomasi;1;P11;True
114;Perang Khaibar;EVENT;OCCURRED_AT;Khaibar;LOCATION;P9;Perang Uhud & Satuan Pasukan Pasca Uhud;1;P11;False
114;Perang Khaibar;EVENT;OCCURRED_AT;Khaibar;LOCATION;P11;Hudaibiyah & Babak Baru Diplomasi;1;P11;True
115;Perang Khaibar;EVENT;OCCURRED_ON;bulan Rabi'ul Awwal;TIME;P9;Perang Uhud & Satuan Pasukan Pasca Uhud;1;P11;False
116;Perang Khaibar;EVENT;OCCURRED_ON;Jumadil Ula;TIME;P9;Perang Uhud & Satuan Pasukan Pasca Uhud;1;P11;False
117;Perang Dzatur Riqa';EVENT;OCCURRED_AT;Khaibar;LOCATION;P9;Perang Uhud & Satuan Pasukan Pasca Uhud;1;P11;False
118;Muhammad;PERSON;INVOLVED_IN;Perang Khandaq;EVENT;P10;Perang Khandaq hingga Bani Mushthaliq;6;P10;True
119;Jabir bin Abdullah;PERSON;INVOLVED_IN;Perang Khandaq;EVENT;P10;Perang Khandaq hingga Bani Mushthaliq;1;P10;True
120;Umar bin Al-Khaththab;PERSON;INVOLVED_IN;Perang Khandaq;EVENT;P10;Perang Khandaq hingga Bani Mushthaliq;1;P10;True
121;Ali bin Abu Thalib;PERSON;INVOLVED_IN;Perang Khandaq;EVENT;P10;Perang Khandaq hingga Bani Mushthaliq;1;P10;True
122;Perang Khandaq;EVENT;OCCURRED_AT;Khandaq;LOCATION;P10;Perang Khandaq hingga Bani Mushthaliq;1;P10;True
123;Perang Khandaq;EVENT;OCCURRED_ON;bulan Syawwal;TIME;P10;Perang Khandaq hingga Bani Mushthaliq;1;P10;True
124;Perang Khandaq;EVENT;OCCURRED_ON;bulan Dzul Qa'dah;TIME;P10;Perang Khandaq hingga Bani Mushthaliq;2;P10;True
125;Perang Khandaq;EVENT;OCCURRED_AT;Madinah;LOCATION;P10;Perang Khandaq hingga Bani Mushthaliq;2;P10;True
126;Ali bin Abu Thalib;PERSON;INVOLVED_IN;Perang Bani Quraizhah;EVENT;P10;Perang Khandaq hingga Bani Mushthaliq;1;P10;True
127;Az-Zubair bin Al-Awwam;PERSON;INVOLVED_IN;Perang Bani Quraizhah;EVENT;P10;Perang Khandaq hingga Bani Mushthaliq;1;P10;True
128;Sa'd bin Mu'adz;PERSON;INVOLVED_IN;Perang Khandaq;EVENT;P10;Perang Khandaq hingga Bani Mushthaliq;2;P10;True
129;Huyai bin Akhthab;PERSON;INVOLVED_IN;Perang Khandaq;EVENT;P10;Perang Khandaq hingga Bani Mushthaliq;1;P10;True
130;Ka'b bin Asad;PERSON;INVOLVED_IN;Perang Khandaq;EVENT;P10;Perang Khandaq hingga Bani Mushthaliq;1;P10;True
131;Perang Khandaq;EVENT;OCCURRED_ON;bulan Dzul Qa'dah 5 H;TIME;P10;Perang Khandaq hingga Bani Mushthaliq;1;P10;True
132;Abdullah bin Atik;PERSON;INVOLVED_IN;Perang Khandaq;EVENT;P10;Perang Khandaq hingga Bani Mushthaliq;1;P10;True
133;Perang Khandaq;EVENT;OCCURRED_ON;Dzul Hijjah;TIME;P10;Perang Khandaq hingga Bani Mushthaliq;1;P10;True
134;Abul Ash;PERSON;INVOLVED_IN;Fathul Makkah;EVENT;P10;Perang Khandaq hingga Bani Mushthaliq;1;P12;False
135;Abdullah bin Ubay bin Salul;PERSON;INVOLVED_IN;Perang Badr;EVENT;P10;Perang Khandaq hingga Bani Mushthaliq;1;P8;False
136;Abdullah bin Ubay bin Salul;PERSON;INVOLVED_IN;Perang Khandaq;EVENT;P10;Perang Khandaq hingga Bani Mushthaliq;1;P10;True
137;Zainab binti Jahsy;PERSON;INVOLVED_IN;Perang Khandaq;EVENT;P10;Perang Khandaq hingga Bani Mushthaliq;1;P10;True
138;Zaid bin Haritsah;PERSON;INVOLVED_IN;Perang Khandaq;EVENT;P10;Perang Khandaq hingga Bani Mushthaliq;1;P10;True
139;Muhammad;PERSON;INVOLVED_IN;Perang Bani Mushthaliq;EVENT;P10;Perang Khandaq hingga Bani Mushthaliq;1;P10;True
140;Perang Khandaq;EVENT;OCCURRED_ON;tahun 4 H;TIME;P10;Perang Khandaq hingga Bani Mushthaliq;1;P10;True
141;Perjanjian Hudaibiyah;EVENT;OCCURRED_AT;Hudaibiyah;LOCATION;P11;Hudaibiyah & Babak Baru Diplomasi;1;P11;True
142;Amr bin Umayyah;PERSON;INVOLVED_IN;Perang Tabuk;EVENT;P11;Hudaibiyah & Babak Baru Diplomasi;1;P13;False
143;Muhammad;PERSON;INVOLVED_IN;Perjanjian Hudaibiyah;EVENT;P11;Hudaibiyah & Babak Baru Diplomasi;2;P11;True
144;Salamah bin Al-Akwa';PERSON;INVOLVED_IN;Perjanjian Hudaibiyah;EVENT;P11;Hudaibiyah & Babak Baru Diplomasi;1;P11;True
145;Salamah bin Al-Akwa';PERSON;INVOLVED_IN;Perang Khaibar;EVENT;P11;Hudaibiyah & Babak Baru Diplomasi;1;P11;True
146;Ibnu Al-Akwa';PERSON;INVOLVED_IN;Ghazwah Dzatu Qarad;EVENT;P11;Hudaibiyah & Babak Baru Diplomasi;1;P11;True
147;Amir bin Al-Akwa';PERSON;INVOLVED_IN;Perang Khaibar;EVENT;P11;Hudaibiyah & Babak Baru Diplomasi;1;P11;True
148;Perang Khaibar;EVENT;OCCURRED_AT;Hudaibiyah;LOCATION;P11;Hudaibiyah & Babak Baru Diplomasi;1;P11;True
149;Ghazwah Mu'tah;EVENT;OCCURRED_AT;Syam;LOCATION;P12;Perang Mu'tah & Penaklukan Makkah;1;P12;True
150;Muhammad;PERSON;INVOLVED_IN;Perang Mu'tah;EVENT;P12;Perang Mu'tah & Penaklukan Makkah;1;P12;True
150;Muhammad;PERSON;INVOLVED_IN;Perang Mu'tah;EVENT;P14;Masuknya Umat & Haji Wada';1;P12;False
151;Perang Mu'tah;EVENT;OCCURRED_AT;Syam;LOCATION;P12;Perang Mu'tah & Penaklukan Makkah;1;P12;True
151;Perang Mu'tah;EVENT;OCCURRED_AT;Syam;LOCATION;P14;Masuknya Umat & Haji Wada';1;P12;False
152;Abrahah;PERSON;INVOLVED_IN;Perjanjian Hudaibiyah;EVENT;P12;Perang Mu'tah & Penaklukan Makkah;1;P11;False
153;Fathul Makkah;EVENT;OCCURRED_AT;Makkah;LOCATION;P13;Hunain, Tabuk & Puncak Kekuatan Islam;1;P12;False
154;Fathul Makkah;EVENT;OCCURRED_AT;Jazirah Arab;LOCATION;P13;Hunain, Tabuk & Puncak Kekuatan Islam;1;P12;False
155;Malik bin Auf;PERSON;INVOLVED_IN;Perang Hunain;EVENT;P13;Hunain, Tabuk & Puncak Kekuatan Islam;1;P13;True
156;Muhammad;PERSON;INVOLVED_IN;Perang Hunain;EVENT;P13;Hunain, Tabuk & Puncak Kekuatan Islam;1;P13;True
157;Muhammad;PERSON;INVOLVED_IN;Perang Tabuk;EVENT;P13;Hunain, Tabuk & Puncak Kekuatan Islam;1;P13;True
157;Muhammad;PERSON;INVOLVED_IN;Perang Tabuk;EVENT;P14;Masuknya Umat & Haji Wada';2;P13;False
158;Perang Uhud;EVENT;OCCURRED_AT;Hunain;LOCATION;P13;Hunain, Tabuk & Puncak Kekuatan Islam;1;P9;False
159;Muhammad;PERSON;INVOLVED_IN;Perang Tha'if;EVENT;P14;Masuknya Umat & Haji Wada';2;P13;False
160;Ka'b bin Zuhair;PERSON;INVOLVED_IN;Perang Tha'if;EVENT;P14;Masuknya Umat & Haji Wada';1;P13;False
161;Bujair bin Zuhair;PERSON;INVOLVED_IN;Perang Tha'if;EVENT;P14;Masuknya Umat & Haji Wada';1;P13;False
162;Perang Tha'if;EVENT;OCCURRED_AT;Makkah;LOCATION;P14;Masuknya Umat & Haji Wada';1;P13;False
163;Urwah bin Mas'ud;PERSON;INVOLVED_IN;Perang Tha'if;EVENT;P14;Masuknya Umat & Haji Wada';1;P13;False
164;Perang Tha'if;EVENT;OCCURRED_ON;bulan Ramadhan 9 H;TIME;P14;Masuknya Umat & Haji Wada';1;P13;False
165;Al-Harits bin Abdi;PERSON;INVOLVED_IN;Perang Tabuk;EVENT;P14;Masuknya Umat & Haji Wada';1;P13;False
166;Nu'man bin Qail;PERSON;INVOLVED_IN;Perang Tabuk;EVENT;P14;Masuknya Umat & Haji Wada';1;P13;False
167;Mu'adz bin Jabal;PERSON;INVOLVED_IN;Perang Tabuk;EVENT;P14;Masuknya Umat & Haji Wada';1;P13;False
168;Malik bin An-Namath;PERSON;INVOLVED_IN;Perang Tabuk;EVENT;P14;Masuknya Umat & Haji Wada';1;P13;False
169;Perang Tabuk;EVENT;OCCURRED_ON;tahun 9 H;TIME;P14;Masuknya Umat & Haji Wada';1;P13;False
184;Haritsah bin Amr;PERSON;KELUARGA;Haritsah bin Tsa'labah;PERSON;P0;Konteks Arab Jahiliyah;1;;
185;Ibrahim;PERSON;KELUARGA;Isma'il;PERSON;P0;Konteks Arab Jahiliyah;2;;
186;Mudhadh bin Amr;PERSON;KELUARGA;Isma'il;PERSON;P0;Konteks Arab Jahiliyah;2;;
187;Muhammad bin Abdullah bin Abdul Muththalib bin Hasyim;PERSON;KELUARGA;Ibrahim;PERSON;P0;Konteks Arab Jahiliyah;1;;
188;Muhammad;PERSON;KELUARGA;Ibrahim;PERSON;P0;Konteks Arab Jahiliyah;1;;
189;Isma'il;PERSON;KELUARGA;Ibrahim;PERSON;P0;Konteks Arab Jahiliyah;1;;
190;Hanifah bin Sha'b bin Ali bin Bakr;PERSON;KELUARGA;Bakr bin Wa'il;PERSON;P0;Konteks Arab Jahiliyah;1;;
191;Adi bin An-Najjar;PERSON;KELUARGA;Salma binti Amru;PERSON;P1;Nasab & Kelahiran Nabi;1;;
192;Fathimah binti Amr bin A'idz bin Imran bin Makhzum bin Yaqzhah bin Murrah;PERSON;KELUARGA;Abdul Muththalib;PERSON;P1;Nasab & Kelahiran Nabi;1;;
193;Bilal bin Rabah;PERSON;SAHABAT;Abu Thalib;PERSON;P1;Nasab & Kelahiran Nabi;1;;
194;Abu Bakar;PERSON;SAHABAT;Abu Thalib;PERSON;P1;Nasab & Kelahiran Nabi;1;;
195;Muhammad;PERSON;KELUARGA;Khadijah;PERSON;P1;Nasab & Kelahiran Nabi;1;;
195;Muhammad;PERSON;KELUARGA;Khadijah;PERSON;P2;Awal Kenabian & Mandat Dakwah;1;;
196;Khadijah;PERSON;KELUARGA;Waraqah bin Naufal;PERSON;P2;Awal Kenabian & Mandat Dakwah;2;;
197;Waraqah bin Naufal;PERSON;KELUARGA;Khadijah;PERSON;P2;Awal Kenabian & Mandat Dakwah;2;;
198;Zaid bin Haritsah bin Syurahbil;PERSON;KELUARGA;Khadijah;PERSON;P3;Dakwah Sirriyah;1;;
199;Ali bin Abu Thalib;PERSON;KELUARGA;Khadijah;PERSON;P3;Dakwah Sirriyah;1;;
200;Abu Bakar;PERSON;KELUARGA;Abu Lahab;PERSON;P4;Dakwah Jahriyah & Tekanan Quraisy;1;;
201;Muhammad;PERSON;KELUARGA;Abu Lahab;PERSON;P4;Dakwah Jahriyah & Tekanan Quraisy;1;;
202;Utsman bin Affan;PERSON;KELUARGA;Mush'ab bin Umair;PERSON;P4;Dakwah Jahriyah & Tekanan Quraisy;1;;
203;Umar bin Al-Khaththab;PERSON;MUSUH;Muhammad;PERSON;P4;Dakwah Jahriyah & Tekanan Quraisy;1;;
203;Umar bin Al-Khaththab;PERSON;MUSUH;Muhammad;PERSON;P9;Perang Uhud & Satuan Pasukan Pasca Uhud;1;;
204;Hamzah bin Abdul Muththalib;PERSON;KELUARGA;Abu Thalib;PERSON;P4;Dakwah Jahriyah & Tekanan Quraisy;1;;
205;Umar bin Al-Khaththab;PERSON;KELUARGA;Abu Thalib;PERSON;P4;Dakwah Jahriyah & Tekanan Quraisy;1;;
206;Abu Thalib;PERSON;KELUARGA;Abu Jahal;PERSON;P4;Dakwah Jahriyah & Tekanan Quraisy;1;;
207;Utbah bin Rabi'ah;PERSON;KELUARGA;Abu Jahal;PERSON;P4;Dakwah Jahriyah & Tekanan Quraisy;1;;
207;Utbah bin Rabi'ah;PERSON;KELUARGA;Abu Jahal;PERSON;P6;Hijrah ke Madinah;1;;
208;Syaibah bin Rabi'ah;PERSON;KELUARGA;Abu Jahal;PERSON;P4;Dakwah Jahriyah & Tekanan Quraisy;1;;
209;Umayyah bin Khalaf;PERSON;KELUARGA;Abu Jahal;PERSON;P4;Dakwah Jahriyah & Tekanan Quraisy;1;;
209;Umayyah bin Khalaf;PERSON;KELUARGA;Abu Jahal;PERSON;P6;Hijrah ke Madinah;1;;
210;Abu Sufyan bin Harb;PERSON;KELUARGA;Abu Jahal;PERSON;P4;Dakwah Jahriyah & Tekanan Quraisy;1;;
211;Muhammad;PERSON;KELUARGA;Saudah binti Zam'ah;PERSON;P4;Dakwah Jahriyah & Tekanan Quraisy;1;;
212;Sakran bin Amr;PERSON;KELUARGA;Saudah binti Zam'ah;PERSON;P4;Dakwah Jahriyah & Tekanan Quraisy;1;;
213;Muhammad;PERSON;KELUARGA;Ummu Jamil;PERSON;P4;Dakwah Jahriyah & Tekanan Quraisy;1;;
214;Ummu Jamil binti Al-Khaththab;PERSON;KELUARGA;Muhammad;PERSON;P4;Dakwah Jahriyah & Tekanan Quraisy;1;;
215;Ummul Khair;PERSON;KELUARGA;Muhammad;PERSON;P4;Dakwah Jahriyah & Tekanan Quraisy;1;;
216;Ummu Jamil;PERSON;KELUARGA;Muhammad;PERSON;P4;Dakwah Jahriyah & Tekanan Quraisy;1;;
217;Abu Bakar;PERSON;KELUARGA;Muhammad;PERSON;P4;Dakwah Jahriyah & Tekanan Quraisy;1;;
217;Abu Bakar;PERSON;KELUARGA;Muhammad;PERSON;P8;Perang Badr & Dampaknya;1;;
218;Muhammad;PERSON;KELUARGA;Aisyah;PERSON;P5;Dakwah di Luar Makkah & Isra Mi'raj;1;;
219;Adam;PERSON;SAHABAT;Jibril;PERSON;P5;Dakwah di Luar Makkah & Isra Mi'raj;1;;
220;As'ad bin Zurarah;PERSON;SAHABAT;Mush'ab bin Umair;PERSON;P5;Dakwah di Luar Makkah & Isra Mi'raj;1;;
221;Ubadah bin Ash-Shamit bin Qais;PERSON;KELUARGA;Rifa'ah bin Abdul Mundzir;PERSON;P5;Dakwah di Luar Makkah & Isra Mi'raj;1;;
222;Sa'd bin Ubadah bin Dulaim;PERSON;KELUARGA;Rifa'ah bin Abdul Mundzir;PERSON;P5;Dakwah di Luar Makkah & Isra Mi'raj;1;;
223;Al-Mundzir bin Amr bin Khunais;PERSON;KELUARGA;Rifa'ah bin Abdul Mundzir;PERSON;P5;Dakwah di Luar Makkah & Isra Mi'raj;1;;
224;Usaid bin Hudhair bin Sammak;PERSON;KELUARGA;Rifa'ah bin Abdul Mundzir;PERSON;P5;Dakwah di Luar Makkah & Isra Mi'raj;1;;
225;Sa'd bin Khaitsamah bin Al-Harits;PERSON;KELUARGA;Rifa'ah bin Abdul Mundzir;PERSON;P5;Dakwah di Luar Makkah & Isra Mi'raj;1;;
226;Muhammad;PERSON;KELUARGA;Rifa'ah bin Abdul Mundzir;PERSON;P5;Dakwah di Luar Makkah & Isra Mi'raj;1;;
227;Umar bin Al-Khaththab;PERSON;SAHABAT;Abu Jahal;PERSON;P5;Dakwah di Luar Makkah & Isra Mi'raj;1;;
228;Jubair bin Muth'im;PERSON;KELUARGA;Abu Jahal;PERSON;P6;Hijrah ke Madinah;1;;
229;Thu'aimah bin Adi;PERSON;KELUARGA;Abu Jahal;PERSON;P6;Hijrah ke Madinah;2;;
230;Al-Harits bin Amir;PERSON;KELUARGA;Abu Jahal;PERSON;P6;Hijrah ke Madinah;1;;
231;Naufal bin Abdi;PERSON;KELUARGA;Abu Jahal;PERSON;P6;Hijrah ke Madinah;1;;
232;Abul Hakam;PERSON;KELUARGA;Abu Jahal;PERSON;P6;Hijrah ke Madinah;1;;
233;Al-Hakam bin Abul Ash;PERSON;KELUARGA;Abu Jahal;PERSON;P6;Hijrah ke Madinah;1;;
234;Uqbah bin Abu Mu'aith;PERSON;KELUARGA;Abu Jahal;PERSON;P6;Hijrah ke Madinah;1;;
235;An-Nadhr bin Al-Harits;PERSON;KELUARGA;Abu Jahal;PERSON;P6;Hijrah ke Madinah;1;;
236;Zam'ah bin Al-Aswad;PERSON;KELUARGA;Abu Jahal;PERSON;P6;Hijrah ke Madinah;1;;
237;Abu Lahab;PERSON;KELUARGA;Abu Jahal;PERSON;P6;Hijrah ke Madinah;1;;
238;Muhammad;PERSON;SAHABAT;Abu Bakar;PERSON;P6;Hijrah ke Madinah;1;;
239;Amir bin Fuhairah;PERSON;SAHABAT;Abu Bakar;PERSON;P6;Hijrah ke Madinah;1;;
240;Abdullah bin Uraiqith;PERSON;SAHABAT;Abu Bakar;PERSON;P6;Hijrah ke Madinah;1;;
241;Sa'd bin Mu'adz;PERSON;KELUARGA;Umayyah;PERSON;P7;Membangun Masyarakat Madinah;1;;
242;Abu Jahal;PERSON;KELUARGA;Umayyah;PERSON;P7;Membangun Masyarakat Madinah;1;;
243;Abu Jahal;PERSON;SAHABAT;Umayyah;PERSON;P7;Membangun Masyarakat Madinah;1;;
244;Abu Shafwan;PERSON;SAHABAT;Umayyah;PERSON;P7;Membangun Masyarakat Madinah;1;;
245;Muhammad;PERSON;KELUARGA;Abu Jahal;PERSON;P7;Membangun Masyarakat Madinah;1;;
246;Hamzah bin Abdul Muththalib;PERSON;KELUARGA;Abu Jahal;PERSON;P7;Membangun Masyarakat Madinah;1;;
247;Amar bin Al-Hadhrami;PERSON;KELUARGA;Abdullah bin Al-Mughirah;PERSON;P7;Membangun Masyarakat Madinah;1;;
248;Utsman bin Affan;PERSON;KELUARGA;Abdullah bin Al-Mughirah;PERSON;P7;Membangun Masyarakat Madinah;1;;
249;Al-Hakam bin Kaisan;PERSON;KELUARGA;Abdullah bin Al-Mughirah;PERSON;P7;Membangun Masyarakat Madinah;1;;
250;Jibril;PERSON;KELUARGA;Muhammad;PERSON;P8;Perang Badr & Dampaknya;1;;
251;Mush'ab bin Umair;PERSON;KELUARGA;Abu Aziz;PERSON;P8;Perang Badr & Dampaknya;1;;
252;Muhammad;PERSON;KELUARGA;Utsman bin Affan;PERSON;P8;Perang Badr & Dampaknya;1;;
253;Usamah bin Zaid;PERSON;KELUARGA;Utsman bin Affan;PERSON;P8;Perang Badr & Dampaknya;1;;
254;Ruqayah binti Rasulullah;PERSON;KELUARGA;Utsman bin Affan;PERSON;P8;Perang Badr & Dampaknya;1;;
255;Umair bin Wahb;PERSON;SAHABAT;Shafwan bin Umayyah;PERSON;P8;Perang Badr & Dampaknya;1;;
256;Wahb bin Umair;PERSON;SAHABAT;Shafwan bin Umayyah;PERSON;P8;Perang Badr & Dampaknya;1;;
257;Muhammad;PERSON;SAHABAT;Shafwan bin Umayyah;PERSON;P8;Perang Badr & Dampaknya;1;;
258;Ka'b bin Al-Asyraf;PERSON;KELUARGA;Muhammad;PERSON;P8;Perang Badr & Dampaknya;1;;
259;Sulaith bin An- Nu'man;PERSON;SAHABAT;Nu'aim bin Ma'ud;PERSON;P8;Perang Badr & Dampaknya;1;;
260;Abu Zaid;PERSON;KELUARGA;Syurahbil bin Hasyim;PERSON;P9;Perang Uhud & Satuan Pasukan Pasca Uhud;1;;
261;Amr bin Abdi;PERSON;KELUARGA;Syurahbil bin Hasyim;PERSON;P9;Perang Uhud & Satuan Pasukan Pasca Uhud;1;;
262;Abu Sufyan bin Harb;PERSON;MUSUH;Muhammad;PERSON;P9;Perang Uhud & Satuan Pasukan Pasca Uhud;1;;
263;Ibnu Qami'ah;PERSON;MUSUH;Muhammad;PERSON;P9;Perang Uhud & Satuan Pasukan Pasca Uhud;1;;
264;Ka'b bin Asad;PERSON;MUSUH;Muhammad;PERSON;P10;Perang Khandaq hingga Bani Mushthaliq;2;;
265;Ka'b bin Malik;PERSON;MUSUH;Muhammad;PERSON;P10;Perang Khandaq hingga Bani Mushthaliq;2;;
266;Muhammad;PERSON;MUSUH;Sallam bin Abul Huqaiq;PERSON;P10;Perang Khandaq hingga Bani Mushthaliq;1;;
267;Sallam bin Abul Huqaiq;PERSON;MUSUH;Ka'b bin Al-Asyraf;PERSON;P10;Perang Khandaq hingga Bani Mushthaliq;1;;
268;Abdullah bin Unais;PERSON;MUSUH;Abu Rafi';PERSON;P10;Perang Khandaq hingga Bani Mushthaliq;1;;
269;Abdullah bin Atik;PERSON;MUSUH;Abu Rafi';PERSON;P10;Perang Khandaq hingga Bani Mushthaliq;1;;
270;Usaid bin Hudhair;PERSON;KELUARGA;Muhammad;PERSON;P10;Perang Khandaq hingga Bani Mushthaliq;1;;
271;Abdullah bin Ubay bin Salul;PERSON;SAHABAT;Aisyah;PERSON;P10;Perang Khandaq hingga Bani Mushthaliq;1;;
272;Muhammad;PERSON;SAHABAT;Ummu Misthah;PERSON;P10;Perang Khandaq hingga Bani Mushthaliq;1;;
273;Aisyah;PERSON;SAHABAT;Ummu Misthah;PERSON;P10;Perang Khandaq hingga Bani Mushthaliq;1;;
274;Aisyah;PERSON;KELUARGA;Yusuf;PERSON;P10;Perang Khandaq hingga Bani Mushthaliq;1;;
275;Ummu Abi;PERSON;KELUARGA;Tumadhir bin Al-Ashba';PERSON;P10;Perang Khandaq hingga Bani Mushthaliq;1;;
276;Ali bin Abu Thalib;PERSON;KELUARGA;Tumadhir bin Al-Ashba';PERSON;P10;Perang Khandaq hingga Bani Mushthaliq;1;;
277;Sa'd bin Bakr;PERSON;KELUARGA;Tumadhir bin Al-Ashba';PERSON;P10;Perang Khandaq hingga Bani Mushthaliq;1;;
278;Amr bin Umayyah;PERSON;SAHABAT;Salamah bin Abu Salamah;PERSON;P10;Perang Khandaq hingga Bani Mushthaliq;1;;
279;Abu Sufyan bin Harb;PERSON;SAHABAT;Salamah bin Abu Salamah;PERSON;P10;Perang Khandaq hingga Bani Mushthaliq;1;;
280;Abu Jandal;PERSON;SAHABAT;Abu Bashir;PERSON;P11;Hudaibiyah & Babak Baru Diplomasi;1;;
281;Najasyi;PERSON;SAHABAT;Amr bin Umayyah;PERSON;P11;Hudaibiyah & Babak Baru Diplomasi;1;;
282;Ashhamah bin Al-Aijar;PERSON;SAHABAT;Amr bin Umayyah;PERSON;P11;Hudaibiyah & Babak Baru Diplomasi;1;;
283;Heraklius;PERSON;KELUARGA;Muhammad;PERSON;P11;Hudaibiyah & Babak Baru Diplomasi;1;;
284;Abd bin Al-Julunda;PERSON;KELUARGA;Muhammad;PERSON;P11;Hudaibiyah & Babak Baru Diplomasi;1;;
285;Muhammad;PERSON;KELUARGA;Abul Huqaiq;PERSON;P11;Hudaibiyah & Babak Baru Diplomasi;1;;
286;Shafiyyah binti Huyai bin Akhthab;PERSON;KELUARGA;Abul Huqaiq;PERSON;P11;Hudaibiyah & Babak Baru Diplomasi;1;;
287;Usamah bin Zaid;PERSON;MUSUH;Mirdas bin Nuhaik;PERSON;P11;Hudaibiyah & Babak Baru Diplomasi;1;;
288;Muhammad;PERSON;KELUARGA;Maimunah binti Al-Harits Al-Amiriyah;PERSON;P11;Hudaibiyah & Babak Baru Diplomasi;1;;
289;Muhammad;PERSON;KELUARGA;Maimunah;PERSON;P11;Hudaibiyah & Babak Baru Diplomasi;1;;
290;Ja'far bin Abu Thalib;PERSON;KELUARGA;Maimunah binti Al-Harits Al-Amiriyah;PERSON;P11;Hudaibiyah & Babak Baru Diplomasi;1;;
291;Ali bin Abu Thalib;PERSON;KELUARGA;Yusuf;PERSON;P12;Perang Mu'tah & Penaklukan Makkah;1;;
292;Abu Sufyan bin Al-Harits bin Abdul Muththalib;PERSON;KELUARGA;Yusuf;PERSON;P12;Perang Mu'tah & Penaklukan Makkah;1;;
293;Muhammad;PERSON;KELUARGA;Yusuf;PERSON;P12;Perang Mu'tah & Penaklukan Makkah;1;;
294;Abu Sufyan bin Harb;PERSON;SAHABAT;Hakim bin Hizam;PERSON;P12;Perang Mu'tah & Penaklukan Makkah;1;;
295;Budail bin Zarqa';PERSON;SAHABAT;Hakim bin Hizam;PERSON;P12;Perang Mu'tah & Penaklukan Makkah;1;;
296;Al-Abbas bin Abdul Muththalib;PERSON;SAHABAT;Hakim bin Hizam;PERSON;P12;Perang Mu'tah & Penaklukan Makkah;1;;
297;Muhammad;PERSON;KELUARGA;Adi bin Hatim;PERSON;P13;Hunain, Tabuk & Puncak Kekuatan Islam;1;;
