chunk_id,doc_id,chunk_index,judul_bab,judul_sub_bab,halaman,teks_chunk,entity_text,label,notes,start_char,end_char
000035-002,35.0,2.0,DI BAWAH LINDUNGAN NUBUWAH DAN RISALAH,Sedikit Penjelasan tentang Pembagian-pembagian Wahyu,100-101,"Ini merupakan wahyu yang paling berat dan malaikat tidak terlihat oleh pandangan Nabi , hingga dahi beliau berkerut mengeluarkan keringat sekalipun pada waktu yang sangat dingin, dan hingga hewan tunggangan beliau menderum ke tanah jika beliau sedang menaikinya. Wahyu seperti ini sekali pernah datang tatkala paha beliau berada di atas Zaid bin Tsabit, sehingga Zaid merasa keberatan dan hampir saja tidak kuat menyangganya. 5. Nabi bisa melihat malaikat dalam rupa aslinya, lalu menyampaikan wahyu seperti yang dikehendaki Allah kepada beliau. Wahyu seperti ini pernah datang dua kali, sebagaimana yang disebutkan Allah di dalam surat An-Najm. 6. Wahyu yang disampaikan Allah kepada beliau, yaitu di atas lapisan-lapisan langit pada malam Mi'raj, berisi kewajiban shalat dan lain-lainnya. 7. Allah berfirman secara langsung dengan Nabi tanpa menggunakan perantara, sebagaimana Allah berfirman dengan Musa bin Imran. Wahyu semacam ini pasti berlaku bagi Musa berdasarkan nash Al-Qur'an dan menurut penuturan beliau dalam hadits tentang Isra' . Sebagian pakar menambahi dengan tingkatan wahyu yang kedelapan, yaitu Allah berfirman langsung di hadapan beliau tanpa ada tabir. Ini termasuk masalah yang dipertentangkan orang-orang salaf maupun khalaf. Begitulah uraian singkat tentang tingkatan-tingkatan wahyu, dari yang pertama hingga kedelapan. Namun yang pasti, tingkatan yang terakhir ini merupakan pendapat yang tidak Jabal Nur Gua Hira 61",Isra',EVENT,auto_isra_coverage,1037,1042
000080-001,80.0,1.0,ISRA’ DAN MI’RAJ,UNLABELED SECTION,191-197,"Selagi Nabi berada dalam kondisi terjepit di perjalanan, antara keberhasilan dan tekanan, sementara bintang-bintang kecil berkelip-kelip nun jauh di atas sana, terjadilah peristiwa Isra' dan Mi'raj. Ada perbedaan pendapat mengenai penetapan waktu kejadiannya, yaitu sebagai berikut: 1. Isra' terjadi pada tahun tatkala Allah memuliakan beliau dengan nubuwah Ini menurut pendapat Ath-Thabari. 2. Isra' terjadi lima tahun setelah diutus sebagai rasul. Ini menurutAn-Nawawi dan Al-Qurthubi. 3. Isra' terjadi pada malam tanggal 27 bulan Rajab tahun dari nubuwah Ini merupakan pendapat Al-Allamah Al-Manshurfuri. 4. Ada yang berpendapat, Isra' terjadi enam bulan sebelum hijrah, atau pada bulan Muharram tahun dari nubuwah. 5. Ada yang berpendapat, Isra' terjadi setahun dua bulan setelah hijrah. tepatnya pada bulan Muharram tahun dari nubuwah. 6. Ada yang berpendapat, Isra' terjadi setahun sebelum hijrah, atau pada bulan Rabi'ul Awwal tahun dari nubuwah. Tiga pendapat yang pertama tertolak. Dengan pertimbangan, karena Khadijah x meninggal dunia pada bulan Ramadhan tahun dari nubuwah Sementara pada saat meninggalnya belum ada kewajiban shalat lima waktu. Juga tidak ada perbedaan pendapat, bahwa diwajibkannya shalat lima waktu pada malam Isra'. Sedangkan tiga pendapat lainnya tidak ada satu pun yang menguatkannya. Hanya saja kandungan surat Al-Isra' menunjukkan bahwa Isra' itu terjadi pada masa-masa akhir.",Isra',EVENT,auto_isra_coverage,286,291
000080-001,80.0,1.0,ISRA’ DAN MI’RAJ,UNLABELED SECTION,191-197,"Selagi Nabi berada dalam kondisi terjepit di perjalanan, antara keberhasilan dan tekanan, sementara bintang-bintang kecil berkelip-kelip nun jauh di atas sana, terjadilah peristiwa Isra' dan Mi'raj. Ada perbedaan pendapat mengenai penetapan waktu kejadiannya, yaitu sebagai berikut: 1. Isra' terjadi pada tahun tatkala Allah memuliakan beliau dengan nubuwah Ini menurut pendapat Ath-Thabari. 2. Isra' terjadi lima tahun setelah diutus sebagai rasul. Ini menurutAn-Nawawi dan Al-Qurthubi. 3. Isra' terjadi pada malam tanggal 27 bulan Rajab tahun dari nubuwah Ini merupakan pendapat Al-Allamah Al-Manshurfuri. 4. Ada yang berpendapat, Isra' terjadi enam bulan sebelum hijrah, atau pada bulan Muharram tahun dari nubuwah. 5. Ada yang berpendapat, Isra' terjadi setahun dua bulan setelah hijrah. tepatnya pada bulan Muharram tahun dari nubuwah. 6. Ada yang berpendapat, Isra' terjadi setahun sebelum hijrah, atau pada bulan Rabi'ul Awwal tahun dari nubuwah. Tiga pendapat yang pertama tertolak. Dengan pertimbangan, karena Khadijah x meninggal dunia pada bulan Ramadhan tahun dari nubuwah Sementara pada saat meninggalnya belum ada kewajiban shalat lima waktu. Juga tidak ada perbedaan pendapat, bahwa diwajibkannya shalat lima waktu pada malam Isra'. Sedangkan tiga pendapat lainnya tidak ada satu pun yang menguatkannya. Hanya saja kandungan surat Al-Isra' menunjukkan bahwa Isra' itu terjadi pada masa-masa akhir.",Isra',EVENT,auto_isra_coverage,395,400
000080-001,80.0,1.0,ISRA’ DAN MI’RAJ,UNLABELED SECTION,191-197,"Selagi Nabi berada dalam kondisi terjepit di perjalanan, antara keberhasilan dan tekanan, sementara bintang-bintang kecil berkelip-kelip nun jauh di atas sana, terjadilah peristiwa Isra' dan Mi'raj. Ada perbedaan pendapat mengenai penetapan waktu kejadiannya, yaitu sebagai berikut: 1. Isra' terjadi pada tahun tatkala Allah memuliakan beliau dengan nubuwah Ini menurut pendapat Ath-Thabari. 2. Isra' terjadi lima tahun setelah diutus sebagai rasul. Ini menurutAn-Nawawi dan Al-Qurthubi. 3. Isra' terjadi pada malam tanggal 27 bulan Rajab tahun dari nubuwah Ini merupakan pendapat Al-Allamah Al-Manshurfuri. 4. Ada yang berpendapat, Isra' terjadi enam bulan sebelum hijrah, atau pada bulan Muharram tahun dari nubuwah. 5. Ada yang berpendapat, Isra' terjadi setahun dua bulan setelah hijrah. tepatnya pada bulan Muharram tahun dari nubuwah. 6. Ada yang berpendapat, Isra' terjadi setahun sebelum hijrah, atau pada bulan Rabi'ul Awwal tahun dari nubuwah. Tiga pendapat yang pertama tertolak. Dengan pertimbangan, karena Khadijah x meninggal dunia pada bulan Ramadhan tahun dari nubuwah Sementara pada saat meninggalnya belum ada kewajiban shalat lima waktu. Juga tidak ada perbedaan pendapat, bahwa diwajibkannya shalat lima waktu pada malam Isra'. Sedangkan tiga pendapat lainnya tidak ada satu pun yang menguatkannya. Hanya saja kandungan surat Al-Isra' menunjukkan bahwa Isra' itu terjadi pada masa-masa akhir.",Isra',EVENT,auto_isra_coverage,491,496
000080-001,80.0,1.0,ISRA’ DAN MI’RAJ,UNLABELED SECTION,191-197,"Selagi Nabi berada dalam kondisi terjepit di perjalanan, antara keberhasilan dan tekanan, sementara bintang-bintang kecil berkelip-kelip nun jauh di atas sana, terjadilah peristiwa Isra' dan Mi'raj. Ada perbedaan pendapat mengenai penetapan waktu kejadiannya, yaitu sebagai berikut: 1. Isra' terjadi pada tahun tatkala Allah memuliakan beliau dengan nubuwah Ini menurut pendapat Ath-Thabari. 2. Isra' terjadi lima tahun setelah diutus sebagai rasul. Ini menurutAn-Nawawi dan Al-Qurthubi. 3. Isra' terjadi pada malam tanggal 27 bulan Rajab tahun dari nubuwah Ini merupakan pendapat Al-Allamah Al-Manshurfuri. 4. Ada yang berpendapat, Isra' terjadi enam bulan sebelum hijrah, atau pada bulan Muharram tahun dari nubuwah. 5. Ada yang berpendapat, Isra' terjadi setahun dua bulan setelah hijrah. tepatnya pada bulan Muharram tahun dari nubuwah. 6. Ada yang berpendapat, Isra' terjadi setahun sebelum hijrah, atau pada bulan Rabi'ul Awwal tahun dari nubuwah. Tiga pendapat yang pertama tertolak. Dengan pertimbangan, karena Khadijah x meninggal dunia pada bulan Ramadhan tahun dari nubuwah Sementara pada saat meninggalnya belum ada kewajiban shalat lima waktu. Juga tidak ada perbedaan pendapat, bahwa diwajibkannya shalat lima waktu pada malam Isra'. Sedangkan tiga pendapat lainnya tidak ada satu pun yang menguatkannya. Hanya saja kandungan surat Al-Isra' menunjukkan bahwa Isra' itu terjadi pada masa-masa akhir.",Isra',EVENT,auto_isra_coverage,633,638
000080-001,80.0,1.0,ISRA’ DAN MI’RAJ,UNLABELED SECTION,191-197,"Selagi Nabi berada dalam kondisi terjepit di perjalanan, antara keberhasilan dan tekanan, sementara bintang-bintang kecil berkelip-kelip nun jauh di atas sana, terjadilah peristiwa Isra' dan Mi'raj. Ada perbedaan pendapat mengenai penetapan waktu kejadiannya, yaitu sebagai berikut: 1. Isra' terjadi pada tahun tatkala Allah memuliakan beliau dengan nubuwah Ini menurut pendapat Ath-Thabari. 2. Isra' terjadi lima tahun setelah diutus sebagai rasul. Ini menurutAn-Nawawi dan Al-Qurthubi. 3. Isra' terjadi pada malam tanggal 27 bulan Rajab tahun dari nubuwah Ini merupakan pendapat Al-Allamah Al-Manshurfuri. 4. Ada yang berpendapat, Isra' terjadi enam bulan sebelum hijrah, atau pada bulan Muharram tahun dari nubuwah. 5. Ada yang berpendapat, Isra' terjadi setahun dua bulan setelah hijrah. tepatnya pada bulan Muharram tahun dari nubuwah. 6. Ada yang berpendapat, Isra' terjadi setahun sebelum hijrah, atau pada bulan Rabi'ul Awwal tahun dari nubuwah. Tiga pendapat yang pertama tertolak. Dengan pertimbangan, karena Khadijah x meninggal dunia pada bulan Ramadhan tahun dari nubuwah Sementara pada saat meninggalnya belum ada kewajiban shalat lima waktu. Juga tidak ada perbedaan pendapat, bahwa diwajibkannya shalat lima waktu pada malam Isra'. Sedangkan tiga pendapat lainnya tidak ada satu pun yang menguatkannya. Hanya saja kandungan surat Al-Isra' menunjukkan bahwa Isra' itu terjadi pada masa-masa akhir.",Isra',EVENT,auto_isra_coverage,744,749
000080-001,80.0,1.0,ISRA’ DAN MI’RAJ,UNLABELED SECTION,191-197,"Selagi Nabi berada dalam kondisi terjepit di perjalanan, antara keberhasilan dan tekanan, sementara bintang-bintang kecil berkelip-kelip nun jauh di atas sana, terjadilah peristiwa Isra' dan Mi'raj. Ada perbedaan pendapat mengenai penetapan waktu kejadiannya, yaitu sebagai berikut: 1. Isra' terjadi pada tahun tatkala Allah memuliakan beliau dengan nubuwah Ini menurut pendapat Ath-Thabari. 2. Isra' terjadi lima tahun setelah diutus sebagai rasul. Ini menurutAn-Nawawi dan Al-Qurthubi. 3. Isra' terjadi pada malam tanggal 27 bulan Rajab tahun dari nubuwah Ini merupakan pendapat Al-Allamah Al-Manshurfuri. 4. Ada yang berpendapat, Isra' terjadi enam bulan sebelum hijrah, atau pada bulan Muharram tahun dari nubuwah. 5. Ada yang berpendapat, Isra' terjadi setahun dua bulan setelah hijrah. tepatnya pada bulan Muharram tahun dari nubuwah. 6. Ada yang berpendapat, Isra' terjadi setahun sebelum hijrah, atau pada bulan Rabi'ul Awwal tahun dari nubuwah. Tiga pendapat yang pertama tertolak. Dengan pertimbangan, karena Khadijah x meninggal dunia pada bulan Ramadhan tahun dari nubuwah Sementara pada saat meninggalnya belum ada kewajiban shalat lima waktu. Juga tidak ada perbedaan pendapat, bahwa diwajibkannya shalat lima waktu pada malam Isra'. Sedangkan tiga pendapat lainnya tidak ada satu pun yang menguatkannya. Hanya saja kandungan surat Al-Isra' menunjukkan bahwa Isra' itu terjadi pada masa-masa akhir.",Isra',EVENT,auto_isra_coverage,866,871
000080-001,80.0,1.0,ISRA’ DAN MI’RAJ,UNLABELED SECTION,191-197,"Selagi Nabi berada dalam kondisi terjepit di perjalanan, antara keberhasilan dan tekanan, sementara bintang-bintang kecil berkelip-kelip nun jauh di atas sana, terjadilah peristiwa Isra' dan Mi'raj. Ada perbedaan pendapat mengenai penetapan waktu kejadiannya, yaitu sebagai berikut: 1. Isra' terjadi pada tahun tatkala Allah memuliakan beliau dengan nubuwah Ini menurut pendapat Ath-Thabari. 2. Isra' terjadi lima tahun setelah diutus sebagai rasul. Ini menurutAn-Nawawi dan Al-Qurthubi. 3. Isra' terjadi pada malam tanggal 27 bulan Rajab tahun dari nubuwah Ini merupakan pendapat Al-Allamah Al-Manshurfuri. 4. Ada yang berpendapat, Isra' terjadi enam bulan sebelum hijrah, atau pada bulan Muharram tahun dari nubuwah. 5. Ada yang berpendapat, Isra' terjadi setahun dua bulan setelah hijrah. tepatnya pada bulan Muharram tahun dari nubuwah. 6. Ada yang berpendapat, Isra' terjadi setahun sebelum hijrah, atau pada bulan Rabi'ul Awwal tahun dari nubuwah. Tiga pendapat yang pertama tertolak. Dengan pertimbangan, karena Khadijah x meninggal dunia pada bulan Ramadhan tahun dari nubuwah Sementara pada saat meninggalnya belum ada kewajiban shalat lima waktu. Juga tidak ada perbedaan pendapat, bahwa diwajibkannya shalat lima waktu pada malam Isra'. Sedangkan tiga pendapat lainnya tidak ada satu pun yang menguatkannya. Hanya saja kandungan surat Al-Isra' menunjukkan bahwa Isra' itu terjadi pada masa-masa akhir.",Isra',EVENT,auto_isra_coverage,1241,1246
000080-001,80.0,1.0,ISRA’ DAN MI’RAJ,UNLABELED SECTION,191-197,"Selagi Nabi berada dalam kondisi terjepit di perjalanan, antara keberhasilan dan tekanan, sementara bintang-bintang kecil berkelip-kelip nun jauh di atas sana, terjadilah peristiwa Isra' dan Mi'raj. Ada perbedaan pendapat mengenai penetapan waktu kejadiannya, yaitu sebagai berikut: 1. Isra' terjadi pada tahun tatkala Allah memuliakan beliau dengan nubuwah Ini menurut pendapat Ath-Thabari. 2. Isra' terjadi lima tahun setelah diutus sebagai rasul. Ini menurutAn-Nawawi dan Al-Qurthubi. 3. Isra' terjadi pada malam tanggal 27 bulan Rajab tahun dari nubuwah Ini merupakan pendapat Al-Allamah Al-Manshurfuri. 4. Ada yang berpendapat, Isra' terjadi enam bulan sebelum hijrah, atau pada bulan Muharram tahun dari nubuwah. 5. Ada yang berpendapat, Isra' terjadi setahun dua bulan setelah hijrah. tepatnya pada bulan Muharram tahun dari nubuwah. 6. Ada yang berpendapat, Isra' terjadi setahun sebelum hijrah, atau pada bulan Rabi'ul Awwal tahun dari nubuwah. Tiga pendapat yang pertama tertolak. Dengan pertimbangan, karena Khadijah x meninggal dunia pada bulan Ramadhan tahun dari nubuwah Sementara pada saat meninggalnya belum ada kewajiban shalat lima waktu. Juga tidak ada perbedaan pendapat, bahwa diwajibkannya shalat lima waktu pada malam Isra'. Sedangkan tiga pendapat lainnya tidak ada satu pun yang menguatkannya. Hanya saja kandungan surat Al-Isra' menunjukkan bahwa Isra' itu terjadi pada masa-masa akhir.",Isra',EVENT,auto_isra_coverage,1373,1378
000080-010,80.0,10.0,ISRA’ DAN MI’RAJ,UNLABELED SECTION,191-197,"Padahal tidak begitu hakikatnya. Dengan susunan kalimat ini Allah mengisyaratkan bahwa Isra' itu merupakan perjalanan ke Baitul Maqdis. Sebab orang-orang Yahudi akan dikucilkan dari posisi pengendalian umat manusia, karena kejahatan-kejahatan yang mereka lakukan. sehingga mereka pun tersisih. Kemudian Allah akan mengalihkan posisi itu kepada Rasulullah dan menyatukan dua sentral dakwah keturunan Ibrahim Jadi sudah tiba saatnya untuk mengalihkan kendali kepemimpinan spiritual dari satu umat ke lain umat, dari umat yang sejarahnya dilumuri pengkhianatan, permusuhan, dan kejahatan, beralih ke umat yang dibanjiri kebaikan dan kebajikan, sehingga Rasul-Nya senantiasa mendapatkan wahyu Al-Qur an yang menunjuki kepada jalan yang paling lurus. Tetapi bagaimana kendali kepemimpinan itu bisa beralih, padahal Rasulullah hanya bisa berputar-putar di beberapa gunung di Makkah, dalam keadaan terkucil di tengah manusia? Pertanyaan ini menyingkap tabir tentang hakikat lain, bahwa satu periode dari dakwah Islam akan segera berakhir, lalu akan dimulai periode lain yang perjalanannya berbeda dengan periode yang pertama. Oleh karena itu kita bisa melihat sebagian ayat yang mengandung ancaman dan peringatan yang keras, tertuju kepada orang-orang musyrik seperti firman-Nya, ""Dan jika Kami hendak membinasakan suatu negeri, maka Kami perintahkan kepada orang-orang yang hidup mewah di negeri itu (supaya mentaati Allah) tetapi mereka melakukan kedurhakaan dalam negeri itu!",Isra',EVENT,auto_isra_coverage,87,92
000080-011,80.0,11.0,ISRA’ DAN MI’RAJ,UNLABELED SECTION,191-197,"Oleh karena itu kita bisa melihat sebagian ayat yang mengandung ancaman dan peringatan yang keras, tertuju kepada orang-orang musyrik seperti firman-Nya, ""Dan jika Kami hendak membinasakan suatu negeri, maka Kami perintahkan kepada orang-orang yang hidup mewah di negeri itu (supaya mentaati Allah) tetapi mereka melakukan kedurhakaan dalam negeri itu! maka sudah sepantasnya berlaku terhadapnya perkataan (ketentuan kami), kemudian Kami hancurkan negeri itu sehancur-hancurnya. Dan berapa banyaknya kaum sesudah Nuh telah Kami binasakan. Dan cukuplah Tuhanmu Maha Mengetahui lagi Maha Melihat dosa hamba-hamba-Nya. "" (Al-Isra : 16-17) Di sana masih ada ayat-ayat lain yang menjelaskan kepada orang-orang Muslim tentang dasar, prinsip dan pijakan kemajuan, yang menjadi landasan masyarakat Islam. Seakan-akan pada saat itu pula mereka telah menyebar ke seluruh dunia, mengendalikan urusannya dari segala segi dan menciptakan kesatuan serta memutar roda kehidupan masyarakat. Di sini juga terkandung isyarat bahwa Rasulullah akan mendapatkan tempat berlindung yang aman bagi Islam dan tempat itu menjadi pusat penyebaran dakwahnya di seluruh penjuru dunia. Inilah satu rahasia dari perjalanan yang penuh barakah ini, yang bisa kami simpulkan dalam kajian ini. Karena hikmah ini dan hikmah lain yang serupa, maka kami berpendapat bahwa Isra' terjadi entah sebelum baiat Aqabah yang pertama atau antara dua baiat Aqabah, wallahu a 'alam. UAEarab.com Tsaniyatul Wada",Isra',EVENT,auto_isra_coverage,1334,1339
000080-002,80.0,2.0,ISRA’ DAN MI’RAJ,UNLABELED SECTION,191-197,"Hanya saja kandungan surat Al-Isra' menunjukkan bahwa Isra' itu terjadi pada masa-masa akhir. Para imam hadits meriwayatkan rincian peristiwa ini, yang kami paparkan secara singkat sebagai berikut: Ibnul Qayyim berkata, ""Menurut riwayat yang shahih. Rasulullah di Isra'kan dengan jasadnya. Dari Masjidil Haram ke Baitul Maqdis. Dengan menaiki Buraq yang disertai Jibril, lalu turun di sana dan shalat mengimami para nabi yang lain. Sementara Buraq diikat pada tali pintu masjid. Pada malam itu pula, dari Baitul Maqdis beliau naik ke langit dunia bersama Jibril. Jibril meminta izin agar dibukakan. Maka pintu langit dibukakan baginya Di sana beliau melihat Adam, bapak sekalian manusia. Beliau mengucapkan salam dan Adam menyambut kedatangan beliau, menjawab salam dan menetapkan nubuwah beliau. Allah memperlihatkan roh orang-orang yang mati syahid ada di sebelah kanan dan roh orang-orang yang sengsara ada di sebelah kiri Kemudian naik lagi ke langit kedua. Jibril meminta izin bagi beliau. Setelah dibukakan beliau melihat Yahya bin Zakaria dan Isa bin Maryam di sana Setelah bertemu beliau mengucapkan salam, dan mereka berdua menjawabnya. menyambut kedatangan beliau dan menetapkan nubuwah beliau Kemudian naik lagi ke langit ketiga. Di sana beliau melihat Yusuf. Beliau mengucapkan salam dan Yusuf menjawabnya, menyambut kedatangan beliau dan menetapkan nubuwah beliau. Kemudian naik lagi ke langit keempat. Di sana beliau melihat Idris.",Isra',EVENT,auto_isra_coverage,54,59
000080-009,80.0,9.0,ISRA’ DAN MI’RAJ,UNLABELED SECTION,191-197,"Setelah ilmu para nabi itu ditopang dengan tanda- 120 Shahihul-Bukhari, 2/684; Shahih Muslim, 1/96; Sirah An-Nabawiyah, Ibnu Hisyam, 1/402-403; Zadul-Ma'ad, 1/48 121 Sirah An-Nabawiyah, Ibnu Hisyam, 1/399 tanda kekuasaan yang bisa dilihat secara langsung. Padahal sebagaimana diketahui, bahwa mendengar suatu kabar tidak sama dengan melihat dengan mata kepala sendiri, maka mereka pun semakin siap mengemban beban di jalan Allah, sabar dalam menghadapi setiap kekuatan dunia, yang di mata mereka tak ubahnya selebar sayap nyamuk, dan mereka tidak merasa berat sekalipun dikepung siksaan dan cobaan. Hukum dan rahasia yang tersembunyi di balik penggalan-penggalan perjalanan Isra' Mi'raj ini merupakan obyek kajian berbagai buku yang mengupas rahasia syariat. Tetapi di sana ada beberapa hakikat sederhana yang memancar dari sumber perjalanan yang penuh barakah ini, lalu mengalir ke kebun-kebun bunga dalam sirah Nabawi, yang bisa kami paparkan secara ringkas sebagai berikut. Setiap pembaca tentu bisa melihat di dalam surat Al-Isra', bahwa Allah menyebutkan kisah Isra' ini hanya dalam satu surat saja. Kemudian Allah menyebutkan keburukan orang-orang Yahudi dan kejahatan-kejahatan mereka. Kemudian Allah mengingatkan mereka bahwa Al-Qur an ini memberi petunjuk kepada jalan yang paling lurus. Boleh jadi pembaca mengira bahwa antara dua ayat ini tidak ada kaitannya. Padahal tidak begitu hakikatnya.",Isra',EVENT,auto_isra_coverage,1066,1071
000080-007,80.0,7.0,ISRA’ DAN MI’RAJ,UNLABELED SECTION,191-197,"Beliau menunjukkan seekor onta milik mereka yang terlepas. dan beliau juga meminum air mereka di bejana yang tertutup selagi mereka 119 Ibid, 2/47-48; Shahih Al-Bukhari, 1/50, 455-456, 470-471, 481, 548-550; Shahih Muslim 1/91-96. sedang tidur, lalu meninggalkan bejana itu tetap dalam keadaan tertutup. Ini merupakan bukti kebenaran pernyataan beliau yang disampaikan esok harinya setelah malam Isra' Ibnul Qayyim berkata, ""Esok harinya tatkala Rasulullah berada di tengah kaumnya, beliau mengabarkan apa yang diperlihatkan Allah, berupa tanda- tanda kekuasaan-Nya yang agung. Mereka pun semakin menjadi-jadi dalam mendustakan dan mengejek beliau. Mereka meminta agar beliau menyebutkan ciri-ciri Baitul Maqdis. Maka Allah menampakkannya, sehingga beliau bisa melihatnya secara langsung. Seketika itu beliau mengabarkan kepada mereka tanda-tanda kekuasaan-Nya, dan mereka tidak bisa memberi bantahan sedikit pun. Beliau juga mengabarkan tentang kafilah dagang mereka tatkala kepergian dan kepulangannya, tentang seekor onta milik mereka yang terlepas dari rombongan. Setelah kafilah itu tiba, maka apa yang disampaikan beliau itu cocok dengan keadaan sebenarnya.",Isra',EVENT,auto_isra_coverage,396,401
000040-001,40.0,1.0,TAHAPAN PERTAMA: JIHAD UNTUK BERDAKWAH,Shalat,108,"Di antara wahyu yang pertama-tama turun adalah perintah shalat. Muqatil bin Sulaiman berkata, ""Allah mewajibkan shalat dua rakaat pada pagi hari dan dua rakaat pada petang hari pada awal Islam, yang didasarkan pada firman Allah. ""Dan bertasbilah seraya memuji Rabbmu pada waktu pagi dan petang. "" Ibnu Hajar menuturkan, sebelum Isra' Nabi sudah pernah shalat, begitu pula para sahabat. Tetapi terdapat perbedaan pendapat, adakah shalat yang diwajibkan sebelum ada kewajiban shalat lima waktu ataukah tidak? Ada yang berpendapat, yang diwajibkan pada masa itu adalah shalat sebelum terbit matahari dan sebelum terbenamnya matahari. Al-Harits bin Usamah meriwayatkan dari jalan Ibnu Luhai'ah secara maushul dari Zaid bin Haritsah, bahwa pada awal-awal turunnya, Jibri mendatangi Rasulullah dan mengajarkan wudhu' kepada beliau. Seusai wudhu', beliau mengambil seciduk air lalu memercikan ke kemaluan. Ibnu Majah juga meriwayatkan hal ini dengan makna yang serupa. Juga diriwayatkan dari Al-Barra' bin Azib dan Ibnu Abbas di hadits Ibnu Abbas, dan hal itu termasuk kewajiban yang pertama Ibnu Hasyim menyebutkan, bahwa jika tiba waktu shalat, Nabi dan para sahabat pergi ke tempat yang terpencil lalu secara sembunyi-sembunyi mengerjakan shalat, agar tidak dilihat kaumnya. Suatu kali Abu Thalib melihat Nabi mengerjakan shalat bersama Ali. Maka Abu Thalib menanyakan shalat itu. Setelah mendapat penjelasan yang cukup memuaskan Abu Thalib menyuruh beliau dan Ali agar menguatkan",Isra',EVENT,auto_isra_coverage,328,333
