no;chunk_id;halaman;entity_text;label_sekarang;usulan_heuristik;keputusan;catatan;kalimat_konteks;konteks_kiri;konteks_kanan
1;000114-004;256-265;Badr;LOCATION;LOCATION?;;;Maka bersama 70 sahabat, Rasulullah hendak mengejar dan mengusirnya, hingga beliau tiba di sebuah wadi yang disebut Safawan, dari arah Badr.;ngejar dan mengusirnya, hingga beliau tiba di sebuah wadi yang disebut Safawan, dari arah;. Tetapi Kurs dan rekan-rekannya tidak bisa dipergoki.
2;000114-010;256-265;Badr;LOCATION;LOCATION?;;;Tekad inilah yang kemudian membawa mereka ke Badr.;orang-orang Muslim di tempat tinggal mereka. Tekad inilah yang kemudian membawa mereka ke;. Sementara itu, setelah insiden satuan pasukan Abdullah bin Jahsy, Allah telah mewajibkan
3;000122-001;270;Badr;LOCATION;LOCATION?;;;"Tetapi dengan sikap yang angkuh dan sombong Abu Jahal berkata, ""Demi Allah, kita tidak akan kembali kecuali setelah tiba di Badr.";"n sombong Abu Jahal berkata, ""Demi Allah, kita tidak akan kembali kecuali setelah tiba di";. Kita akan berada di sana selama tiga hari sambil menyembelih hewan, makan besar. menengg
4;000122-001;270;Badr;LOCATION;LOCATION?;;;000 orang melanjutkan perjalanan menuju Badr.;"ang nanti."" Maka pasukan Makkah dengan kekuatan 1.000 orang melanjutkan perjalanan menuju";. Mereka terus berjalan hingga mendekati Badr dan bersembunyi di balik bukit pasir, di pin
5;000122-001;270;Badr;LOCATION;LOCATION?;;;Mereka terus berjalan hingga mendekati Badr dan bersembunyi di balik bukit pasir, di pinggiran wadi Badr.;an 1.000 orang melanjutkan perjalanan menuju Badr. Mereka terus berjalan hingga mendekati;dan bersembunyi di balik bukit pasir, di pinggiran wadi Badr.
6;000122-001;270;Badr;LOCATION;LOCATION?;;;Mereka terus berjalan hingga mendekati Badr dan bersembunyi di balik bukit pasir, di pinggiran wadi Badr.;us berjalan hingga mendekati Badr dan bersembunyi di balik bukit pasir, di pinggiran wadi;.
7;000126-001;274-275;Badr;LOCATION;LOCATION?;;;Mereka pergi ke mata air Badr, dan di sana mereka bertemu dengan dua pesuruh yang tugasnya mengambil air untuk kebutuhan pasukan Makkah.;n Al-Awwam dan Sa'd bin Abi Waqqash, dengan beberapa orang lagi. Mereka pergi ke mata air;, dan di sana mereka bertemu dengan dua pesuruh yang tugasnya mengambil air untuk kebutuha
8;000129-001;277-279;Badr;LOCATION;LOCATION?;;;Pada pagi harinya mereka turun dari atas lembah pasir dengan seluruh satuan-satuannya hingga tiba di lembah Badr.;mereka turun dari atas lembah pasir dengan seluruh satuan-satuannya hingga tiba di lembah;. Tiba-tiba ada beberapa orang dari pasukan Quraisy muncul di hadapan Rasulullah . Beliau
9;000140-001;295-297;Badr;LOCATION;LOCATION?;;;Orang-orang musyrik melarikan diri dari kancah Badr dengan berpencar- pencar tak beraturan.;Orang-orang musyrik melarikan diri dari kancah;dengan berpencar- pencar tak beraturan. Mereka lari terbirit-birit menuju berbagai lembah
10;000141-002;297;Badr;LOCATION;LOCATION?;;;"Para pemuka orang-orang Muslim y ang berada di Madinah segera pergi ke jalan menuju ke arah Badr, bersiap-siap untuk menyambut kedatangan Rasulullah atas kemenangan ini Usamah bin Zaid berkata, ""Kami menerima kabar itu selagi kami sedang meratakan tanah di rumah Ruqayah binti Rasulullah yang menjadi istri Utsman bin Affan, karena beliau telah menyerahkan kepadaku perlindungan terhadap keamanan dirinya.";ra pemuka orang-orang Muslim y ang berada di Madinah segera pergi ke jalan menuju ke arah;, bersiap-siap untuk menyambut kedatangan Rasulullah atas kemenangan ini Usamah bin Zaid b
11;000145-001;302-304;Badr;LOCATION;EVENT?;;;Surat ini merupakan penjelasan dari Allah tentang peperangan Badr, yang berbeda jauh dengan penjelasan-penjelasan lain yang membicarakan masalah raja dan pemimpin setelah kemenangan.;eputar topik peperangan ini. Surat ini merupakan penjelasan dari Allah tentang peperangan;, yang berbeda jauh dengan penjelasan-penjelasan lain yang membicarakan masalah raja dan p
12;000147-001;306-307;Badr;LOCATION;EVENT?;;;Peperangan ini terjadi pada bulan Syawwal 2 Hijriyah, selang tujuh hari sepulang dari Badr.;am. Peperangan ini terjadi pada bulan Syawwal 2 Hijriyah, selang tujuh hari sepulang dari;. Beliau mengangkat Siba bin Arfazhah sebagai wakil beliau di Madinah. Namun menurut penda
13;000148-004;308-310;Badr;LOCATION;LOCATION?;;;"Beliau bersabda, ""Ajarkanlah masalah agama kepada saudara kalian ini, bacakanlah Al-Qur an dan bebaskanlah anaknya!"" Sedangkan Shafwan yang berada di Makkah berkata kepada orang-orang di sana, ""Bergembiralah kalian jika nanti mendengar suatu peristiwa yang bisa membuat kalian melupakan peristiwa Badr.";kalian jika nanti mendengar suatu peristiwa yang bisa membuat kalian melupakan peristiwa;"."" Dia pun terus bertanya-tanya kepada setiap orang yang datang dari bepergian, hingga akh"
14;000151-001;312-314;Badr;LOCATION;LOCATION?;;;maka mereka menjadi pelopor pertama yang melanggar perjanjian dari kalangan Yahudi Setelah Allah memberikan kemenangan kepada orang-orang Muslim di Badr, justru kelaliman Yahudi Bani Qainuqa' semakin menjadi-jadi, mereka semakin berani dan lancang, mengolok-ngolok, mengejek dan menggangu orang-orang Muslim yang datang ke pasar mereka.;ian dari kalangan Yahudi Setelah Allah memberikan kemenangan kepada orang-orang Muslim di;, justru kelaliman Yahudi Bani Qainuqa' semakin menjadi-jadi, mereka semakin berani dan la
15;000155-001;317-321;Badr;LOCATION;LOCATION?;;;Di sana dia melantunkan syair-syair sambil menangis mengumbar air mata, menyebut orang-orang yang menjadi korban dan dimasukkan ke dalam sumur Badr.;engumbar air mata, menyebut orang-orang yang menjadi korban dan dimasukkan ke dalam sumur;.
16;000155-002;317-321;Badr;LOCATION;LOCATION?;;;Di sana dia melantunkan syair-syair sambil menangis mengumbar air mata, menyebut orang-orang yang menjadi korban dan dimasukkan ke dalam sumur Badr.;engumbar air mata, menyebut orang-orang yang menjadi korban dan dimasukkan ke dalam sumur;. Dengan tindakannya, dia berharap dapat membangkitkan kembali harga diri mereka dan memba
17;000158-001;324-325;Badr;LOCATION;LOCATION?;;;Bahkan karenanya Quraisy melarang semua penduduk Makkah meratapi para korban Badr dan tidak perlu terburu-buru menebus para tawanan, agar orang-orang Muslim tidak merasa di atas angin karena tahu kegundahan dan kesedihan hati mereka.;untut balas. Bahkan karenanya Quraisy melarang semua penduduk Makkah meratapi para korban;dan tidak perlu terburu-buru menebus para tawanan, agar orang-orang Muslim tidak merasa d
18;000198-002;359-360;Badr;LOCATION;?;;;""" Ibnu Ishaq menuturkan, setelah Abu Sufyan dan orang-orang yang bersamanya berbalik arah untuk kembali ke Makkah, dia berseru, ""Tempat yang telah disepakati pada tahun depan adalah Badr.";"tuk kembali ke Makkah, dia berseru, ""Tempat yang telah disepakati pada tahun depan adalah";"."" Rasulullah bersabda kepada salah seorang di antara sahabat, ""Jawablah. 'Ya. Di sanalah"
19;000216-001;387;Badr;LOCATION;LOCATION?;;;Mereka tiba di Badr dan menunggu orang-orang musyrik.;tangan Ali bin Abu Thalib. Madinah diwakilkan kepada Abdullah bin Rawahah. Mereka tiba di;dan menunggu orang-orang musyrik. Sedangkan Abu Sufyan pergi bersama 2000 orang prajurit,
20;000216-002;387;Badr;LOCATION;?;;;Orang-orang Muslim menunggu kedatangan pasukan Quraisy di Badr hingga selama delapan hari.;pun yang menentang pendapatnya. Orang-orang Muslim menunggu kedatangan pasukan Quraisy di;hingga selama delapan hari. Selama itu mereka menjual barang-barang dagangan dan mendapat
21;000217-001;387-389;Badr;LOCATION;LOCATION?;;;Sepulang Rasulullah dari Badr, keadaan di wilayah Madinah menjadi aman dan tenteram, pemerintahan beliau dapat berjalan lancar.;Sepulang Rasulullah dari;, keadaan di wilayah Madinah menjadi aman dan tenteram, pemerintahan beliau dapat berjalan
22;000217-001;387-389;Badr;LOCATION;LOCATION?;;;Dumatul Jandal Setelah Badr Shughra beliau menetap di Madinah selama enam bulan Kemudian datang berita kepada beliau bahwa beberapa kabilah di sekitar Dumatul Jandal, tak jauh dari Syam, suka merampas dan merampok siapa pun yang lewat daerah itu.;sebelumnya suka mengadakan perlawanan mau mengakui wilayah Islam. Dumatul Jandal Setelah;Shughra beliau menetap di Madinah selama enam bulan Kemudian datang berita kepada beliau
23;000223-004;416-418;Hudaibiyah;LOCATION;EVENT?;;;Tetapi ada pula yang menyebutkannya sebelum Hudaibiyah.;iman satuan pasukan ini pada bulan Rajab 8 H. Tetapi ada pula yang menyebutkannya sebelum;". Jabir menuturkan, ""Rasulullah mengutus kami sebanyak 300 pengendara. di bawah pimpinan A"
24;000223-005;416-418;Hudaibiyah;LOCATION;EVENT?;;;"Apakah masih ada sisa daging yang bisa kalian berikan kepada kami?"" Maka kami menyerahkannya kepada beliau Penuturan Jabir ini menunjukkan bahwa peristiwa ini terjadi sebelum Hudaibiyah.";hkannya kepada beliau Penuturan Jabir ini menunjukkan bahwa peristiwa ini terjadi sebelum;. Sebab orang-orang Muslim tidak lagi mengintai kafilah dagang Quraisy setelah perjanjian
25;000223-005;416-418;Hudaibiyah;LOCATION;EVENT?;;;Sebab orang-orang Muslim tidak lagi mengintai kafilah dagang Quraisy setelah perjanjian Hudaibiyah.;. Sebab orang-orang Muslim tidak lagi mengintai kafilah dagang Quraisy setelah perjanjian;.
26;000227-005;430-432;Hudaibiyah;LOCATION;?;;;Tetapi perkembangan ini baru tampak jelas dengan dikukuhkannya perjanjian Hudaibiyah.;memasang jerat. Tetapi perkembangan ini baru tampak jelas dengan dikukuhkannya perjanjian;. Genjatan yang ada justru merupakan pengakuan terhadap kekuatan Islam, yang mampu menguas
27;000231-001;435;Hudaibiyah;LOCATION;LOCATION?;;;Rasulullah mengambil jalur yang sulit dan berat di antara celah-celah gunung, membawa para sahabat ke arah kanan, melewati Al-Hamsy menuju Tsaniyatul Murar sebelum turun ke Hudaibiyah.;wa para sahabat ke arah kanan, melewati Al-Hamsy menuju Tsaniyatul Murar sebelum turun ke;. Beliau tidak melewati jalan utama menuju Makkah yang melewati Tan'im, atau beliau tidak
28;000231-001;435;Hudaibiyah;LOCATION;LOCATION?;;;""" Kemudian beliau membentak Al-Qashwa sehingga bangkit, lalu berjalan lagi hingga memasuki ujung Hudaibiyah, di dekat suatu kolam yang di sana hanya terdapat air sedikit.";ian beliau membentak Al-Qashwa sehingga bangkit, lalu berjalan lagi hingga memasuki ujung;, di dekat suatu kolam yang di sana hanya terdapat air sedikit. Orang-orang mengambilnya s
29;000243-002;449-450;Hudaibiyah;LOCATION;?;;;""" 220 Lihat rincian tentang peristiwa Hudaibiyah dan gencatan senjata ini dalam Fathul Bari, 7/439-458; Shahih Bukhari, 1/378-381, 2/589, 600, 717; Shahih Muslim, 2/140, 105-106; SirahAn-Nabawiyah Ibnu Hisyam, 2/308-322; Zadul Ma'ad, 2/122-127; Mukhtashar Siratir Rasul, Syaikh Abdullah An-Najdi, hal 207-305; Tarikh Uamr bin Al-Khaththab, Ibnul Jauzi, hal 39-40.";"udian Allah menyelamatkan aku dari kejahatan mereka."" 220 Lihat rincian tentang peristiwa";"dan gencatan senjata ini dalam Fathul Bari, 7/439-458; Shahih Bukhari, 1/378-381, 2/589,"
30;000246-001;453;Hudaibiyah;LOCATION;?;;;Pada akhir tahun 6 H, setelah kembali dari Hudaibiyah, Rasulullah menulis surat yang ditujukan kepada beberapa raja, menyeru mereka kepada Islam.;Pada akhir tahun 6 H, setelah kembali dari;, Rasulullah menulis surat yang ditujukan kepada beberapa raja, menyeru mereka kepada Isla
31;000247-001;453-456;Hudaibiyah;LOCATION;LOCATION?;;;Sebab ada kemungkinan itu bukan teks surat yang ditulis Nabi setelah perjanjian Hudaibiyah, tetapi boleh jadi itu merupakan surat yang dibawa Ja'far ketika dia hijrah ke Habasyah bersama rekan-rekannya semasa periode Makkah.;h lanjut. Sebab ada kemungkinan itu bukan teks surat yang ditulis Nabi setelah perjanjian;, tetapi boleh jadi itu merupakan surat yang dibawa Ja'far ketika dia hijrah ke Habasyah b
32;000247-003;453-456;Hudaibiyah;LOCATION;EVENT?;;;Kalau pun dikatakan bahwa surat itu ditulis setelah Hudaibiyah, maka tidak ada dalil yang menguatkannya.;anjut, dengan melihat beberapa dalil. Kalau pun dikatakan bahwa surat itu ditulis setelah;, maka tidak ada dalil yang menguatkannya. Yang disebutkan Al-Baihaqi dari Ibnu Ishaq miri
33;000247-003;453-456;Hudaibiyah;LOCATION;LOCATION?;;;Yang disebutkan Al-Baihaqi dari Ibnu Ishaq mirip dengan surat yang ditulis Nabi kepada beberapa raja dan amir Nashrani setelah Hudaibiyah, yang di dalamnya ada ayat Al-Qur an tersebut.;Ishaq mirip dengan surat yang ditulis Nabi kepada beberapa raja dan amir Nashrani setelah;, yang di dalamnya ada ayat Al-Qur an tersebut. Kemiripan lainnya adalah dalam kandunganny
34;000260-001;474-475;Hudaibiyah;LOCATION;?;;;"Karena orang munafik dan mereka y ang hatinya lemah tidak mau bergabung dalam peristiwa Hudaibiyah, maka Allah menurunkan perintah kepada Nabi- Nya tentang mereka, K,Lz xI ""Orang-orang yang tertinggal itu akan berkata apabila kamu berangkat untuk mengambil barang rampasan, Biarkanlah kami, niscaya kami mengikuti kamu '; mereka hendak merobah janji Allah.";Karena orang munafik dan mereka y ang hatinya lemah tidak mau bergabung dalam peristiwa;", maka Allah menurunkan perintah kepada Nabi- Nya tentang mereka, K,Lz xI ""Orang-orang yan"
35;000274-002;486-487;Hudaibiyah;LOCATION;?;;;Karena bagaimanapun juga, harta rampasan dari Perang Khaibar ini juga tidak lepas dari peran orang-orang yang ikut dalam peristiwa Hudaibiyah.;dari Perang Khaibar ini juga tidak lepas dari peran orang-orang yang ikut dalam peristiwa;. Setiap kuda yang ikut mendapat dua bagian, penunggangnya mendapat tiga bagian, sedangkan
36;000285-001;498-501;Hudaibiyah;LOCATION;LOCATION?;;;"Al-Hakim menuturkan, ""Dengan tibanya bulan Dzul Qa'dah, tersiar kabar bahwa Rasulullah dan para sahabat hendak melakukan umrah qadha' Siapa pun yang dulu ikut dalam peristiwa Hudaibiyah disuruh berangkat.";h dan para sahabat hendak melakukan umrah qadha' Siapa pun yang dulu ikut dalam peristiwa;disuruh berangkat. Karena itu, mereka pun berangkat kecuali yang mati syahid. Di samping
37;000285-005;498-501;Hudaibiyah;LOCATION;?;;;Umrah ini dinamakan umrah qadha', entah karena dimaksudkan sebagai qadha' dari umrah yang gagal dilaksanakan setahun sebelumnya saat peristiwa Hudaibiyah.;udkan sebagai qadha' dari umrah yang gagal dilaksanakan setahun sebelumnya saat peristiwa;. Pertimbangan ini lebih bisa diterima para peneliti. Yang pasti, umrah kali ini mempunyai
38;000338-001;552-553;Hudaibiyah;LOCATION;?;;;Hal ini menunjukkan sejauh mana keberhasilan gencatan senjata yang dikukuhkan di Hudaibiyah, hingga setelah penaklukkan Makkah.;ram 9 H. Hal ini menunjukkan sejauh mana keberhasilan gencatan senjata yang dikukuhkan di;, hingga setelah penaklukkan Makkah. Manusia masuk Islam secara berbondong-bondong setelah
39;000385-007;613-618;Hudaibiyah;LOCATION;LOCATION?;;;Hal ini tampak jelas dalam tindakan kaum Muslimin saat di Hudaibiyah.;mengajak kepada perubahan itu. Hal ini tampak jelas dalam tindakan kaum Muslimin saat di;. Di sana ada orang-orang Muslim, yang keadaannya seperti yang dilihat dan dituturkan Urwa
40;000323-001;538;Hunain;LOCATION;LOCATION?;;;Authas adalah suatu lembah di Hawazin dekat Hunain, tetapi tidak masuk wilayah Hunain Sementara Hunain adalah suatu lembah berdekatan dengan Dzul Majaz.;mereka tiba di Authas dan bermarkas di sana. Authas adalah suatu lembah di Hawazin dekat;, tetapi tidak masuk wilayah Hunain Sementara Hunain adalah suatu lembah berdekatan dengan
41;000323-001;538;Hunain;LOCATION;LOCATION?;;;Authas adalah suatu lembah di Hawazin dekat Hunain, tetapi tidak masuk wilayah Hunain Sementara Hunain adalah suatu lembah berdekatan dengan Dzul Majaz.;s di sana. Authas adalah suatu lembah di Hawazin dekat Hunain, tetapi tidak masuk wilayah;Sementara Hunain adalah suatu lembah berdekatan dengan Dzul Majaz. Jarak tempat ini denga
42;000323-001;538;Hunain;LOCATION;LOCATION?;;;Authas adalah suatu lembah di Hawazin dekat Hunain, tetapi tidak masuk wilayah Hunain Sementara Hunain adalah suatu lembah berdekatan dengan Dzul Majaz.;adalah suatu lembah di Hawazin dekat Hunain, tetapi tidak masuk wilayah Hunain Sementara;adalah suatu lembah berdekatan dengan Dzul Majaz. Jarak tempat ini dengan Makkah ada sepu
43;000326-001;540;Hunain;LOCATION;LOCATION?;;;Dalam perjalanan menuju Hunain, mereka melewati sebuah pohon yang besar, yang disebut Dzatu Anwath.;u beliau menugasi Anas bin Abu Martsad Al-Ghanwi sebagai penjaga. Dalam perjalanan menuju;, mereka melewati sebuah pohon yang besar, yang disebut Dzatu Anwath. Dulu orang-orang Ara
44;000327-001;541;Hunain;LOCATION;LOCATION?;;;Pada malam Rabu tanggal 10 Syawwal, pasukan Islam tiba di Hunain Sementara itu, Malik bin Auf dan pasukannya lebih dahulu tiba di sana dan memasukan pasukan ke sana pada malam hari.;Pada malam Rabu tanggal 10 Syawwal, pasukan Islam tiba di;Sementara itu, Malik bin Auf dan pasukannya lebih dahulu tiba di sana dan memasukan pasuk
45;000327-001;541;Hunain;LOCATION;LOCATION?;;;Tepat pada waktu subuh yang suasananya masih gelap, orang-orang Muslim tiba di lembah Hunain dan mulai memasang kewaspadaan.;ka. Tepat pada waktu subuh yang suasananya masih gelap, orang-orang Muslim tiba di lembah;dan mulai memasang kewaspadaan. Mereka tidak tahu adanya pasukan musuh y ang bersembunyi
46;000329-001;542-543;Hunain;LOCATION;?;;;"""Sesungguhnya Allah telah menolong kamu (hai para mukminin) di medan peperangan yang banyak, dan (ingatlah) peperangan Hunain, yaitu di waktu kamu menjadi congkak karena banyaknya jumlah (mu), maka jumlah yang banyak itu tidak memberi manfaat kepadamu sedikit pun, dan bumi yang luas itu telah terasa sempit olehmu, kemudian kamu lari ke belakang dengan bercerai-berai.";olong kamu (hai para mukminin) di medan peperangan yang banyak, dan (ingatlah) peperangan;, yaitu di waktu kamu menjadi congkak karena banyaknya jumlah (mu), maka jumlah yang banya
47;000330-001;543;Hunain;LOCATION;LOCATION?;;;Nabi sendiri yang melakukan pengejaran ke sana setelah menghimpun harta rampasan di Hunain.;a'if. Nabi sendiri yang melakukan pengejaran ke sana setelah menghimpun harta rampasan di;.
48;000332-001;544-545;Hunain;LOCATION;LOCATION?;;;Karena itu Rasulullah beranjak ke Tha'if seusai dari Hunain dan setelah rampung mengumpulkan harta rampasan di Ji'ranah Khalid bin Walid berangkat lebih dahulu ke sana bersama 1000 prajurit.;An-Nashri. Mereka bertahan di sana. Karena itu Rasulullah beranjak ke Tha'if seusai dari;dan setelah rampung mengumpulkan harta rampasan di Ji'ranah Khalid bin Walid berangkat le
49;000334-001;547-549;Hunain;LOCATION;LOCATION?;;;Orang-orang Anshar termasuk mereka yang tidak bisa menerima kebijakan beliau ini, karena mereka semua tidak menerima bagian dari harta rampasan Hunain.;erima kebijakan beliau ini, karena mereka semua tidak menerima bagian dari harta rampasan;. Padahal justru merekalah yang lebih banyak dilibatkan saat terjadi krisis, bertempur ber
50;000355-001;573-575;Hunain;LOCATION;EVENT?;;;Adapun peristiwa yang terjadi dalam Perang Uhud dan Hunain lebih disebabkan karena kelemahan di dalam diri anggota pasukan atau karena mereka membangkang perintah beliau serta menyalahi perintah beliau.;i yang tidak pernah dikenal di dunia. Adapun peristiwa yang terjadi dalam Perang Uhud dan;lebih disebabkan karena kelemahan di dalam diri anggota pasukan atau karena mereka memban
51;000002-012;35-42;Khaibar;LOCATION;LOCATION?;;;Bani Sulaim menetap di dekat Madinah, dari lembah-lembah di pinggiran Madinah hingga ke Khaibar, di bagian timur Madinah dan penghujung Hurrah.;. Bani Sulaim menetap di dekat Madinah, dari lembah-lembah di pinggiran Madinah hingga ke;, di bagian timur Madinah dan penghujung Hurrah. Tsaqif menetap di Tha'if, Hawazin di timu
52;000010-012;56-64;Khaibar;LOCATION;LOCATION?;;;Dimulai dari pencaplokan bangsa Romawi terhadap Palestina pada tahun 70 Masehi, yang disertai dengan tekanan terhadap orang-orang Yahudi dan penghancuran Haikal-haikal mereka, sehingga kabilah-kabilah mereka berpindah ke Hijaz, lalu menetap di Yatsrib, Khaibar, dan Taima.;ikal mereka, sehingga kabilah-kabilah mereka berpindah ke Hijaz, lalu menetap di Yatsrib,;, dan Taima. Di sana mereka mendirikan perkampungan Yahudi dan benteng pertahanan. Maka ag
53;000010-012;56-64;Khaibar;LOCATION;LOCATION?;;;Saat Islam datang, kabilah-kabilah Yahudi yang terkenal adalah Khaibar, Nadhir, Mushthaliq, Quraizhah, dan Qainuqa.;mengawali munculnya Islam. Saat Islam datang, kabilah-kabilah Yahudi yang terkenal adalah;, Nadhir, Mushthaliq, Quraizhah, dan Qainuqa. As-Samhudi menyebutkan di dalam buku Wafa 'u
54;000105-001;243-244;Khaibar;LOCATION;?;;;""" Beliau juga bersabda, Para pekerja ini bukanlah para pekerja Khaibar.";"orang Anshar dan Muhajirin."" Beliau juga bersabda, Para pekerja ini bukanlah para pekerja";". Ini adalah pemilik yang paling baik dan paling suci."" Sabda beliau ini semakin memompa s"
55;000214-006;382-385;Khaibar;LOCATION;LOCATION?;;;Kebanyakan di antara mereka, terutama para tokoh dan pemimpin Bani Nadhir seperti Huyai bin Akhthab dan Sallam bin Al-Huqaiq pergi ke Khaibar.;okoh dan pemimpin Bani Nadhir seperti Huyai bin Akhthab dan Sallam bin Al-Huqaiq pergi ke;. Sebagian yang lain pergi ke Syam. Hanya ada dua orang di antara mereka yang masuk Islam,
56;000215-002;385-386;Khaibar;LOCATION;EVENT?;;;Padahal Abu Hurairal masuk Islam beberapa hari sebelum Perang Khaibar, dan Abu Musa Al-Asy ari bergabung dengan Nabi di Khaibar.;am beberapa hari sebelum Perang Khaibar, dan Abu Musa Al-Asy ari bergabung dengan Nabi di;. Jadi Perang Dzatur Riqa' terjadi setelah Perang Khaibar. Bukti lain yang menguatkan bahw
57;000218-001;390-404;Khaibar;LOCATION;?;;;Setelah lari ke Khaibar, mereka menunggu-nunggu apa yang akan menimpa orang-orang Muslim sebagai akibat bentrokan fisik dengan para paganis Quraisy.;khianat, berkonspirasi dan melakukan makar, tidak mau terima begitu saja. Setelah lari ke;, mereka menunggu-nunggu apa yang akan menimpa orang-orang Muslim sebagai akibat bentrokan
58;000220-001;412-414;Khaibar;LOCATION;LOCATION?;;;Maka ada lima orang di antara mereka yang semuanya berasal dari Bani Salamah dari Khazraj, di bawah pimpinan Abdullah bin Atik Mereka berangkat menuju Khaibar, karena di sanalah benteng Abu Raf' berada.;ri Bani Salamah dari Khazraj, di bawah pimpinan Abdullah bin Atik Mereka berangkat menuju;, karena di sanalah benteng Abu Raf' berada. Setelah dekat dengan bentengnya yang saat itu
59;000227-001;430-432;Khaibar;LOCATION;LOCATION?;;;Dia bisa menangkap mata-mata Bani Sa'd, dan bisa memperoleh informasi dari mata-mata itu bahwa mereka mengirimnya ke Khaibar untuk menawarkan bantuan prajurit.;a Bani Sa'd, dan bisa memperoleh informasi dari mata-mata itu bahwa mereka mengirimnya ke;untuk menawarkan bantuan prajurit. asalkan korma Khaibar dikirimkan kepada mereka. Mata-m
60;000227-001;430-432;Khaibar;LOCATION;?;;;asalkan korma Khaibar dikirimkan kepada mereka.;itu bahwa mereka mengirimnya ke Khaibar untuk menawarkan bantuan prajurit. asalkan korma;dikirimkan kepada mereka. Mata-mata itu juga menunjukkan tempat berkumpulnya Bani Sa'd. A
61;000245-001;451-452;Khaibar;LOCATION;LOCATION?;;;Keterlibatan Ghathafan ini pun sebenarnya atas bujukan orang-orang Yahudi Sementara itu, orang-orang Yahudi yang telah hengkang dari Madinah menjadikan Khaibar sebagai markas konspirasi dan penyusunan makar.;rang Yahudi Sementara itu, orang-orang Yahudi yang telah hengkang dari Madinah menjadikan;sebagai markas konspirasi dan penyusunan makar. Setan-setan mereka bertelor dan menetas d
62;000246-001;453;Khaibar;LOCATION;?;;;Al-Alamah Al-Manshurfuri memastikan bahwa beliau mengutus para kurir ini pada awal bulan Muharram tahun 7 H, beberapa hari sebelum pergi ke Khaibar.;engutus para kurir ini pada awal bulan Muharram tahun 7 H, beberapa hari sebelum pergi ke;. Inilah uraiannya dan isi surat-surat tersebut.
63;000247-005;453-456;Khaibar;LOCATION;LOCATION?;;;Amr bin Umayyah Adh-Dhamri juga ikut dalam rombongan itu, hingga mereka bertemu Nabi yang saat itu sedang berada di Khaibar.;juga ikut dalam rombongan itu, hingga mereka bertemu Nabi yang saat itu sedang berada di;. Raja Najasyi ini meninggal dunia pada bulan Rajab tahun 7 H, setelah Perang Tabuk. Belia
64;000255-004;470-472;Khaibar;LOCATION;LOCATION?;;;Lokasi Perang Khaibar Bekas benteng Yahudi Khaibar Bekas bangunan di Khaibar;n bendera diserahkan kepada Al-Miqdad bin Amr. Lokasi Perang Khaibar Bekas benteng Yahudi;Bekas bangunan di Khaibar
65;000255-004;470-472;Khaibar;LOCATION;LOCATION?;;;Lokasi Perang Khaibar Bekas benteng Yahudi Khaibar Bekas bangunan di Khaibar;a Al-Miqdad bin Amr. Lokasi Perang Khaibar Bekas benteng Yahudi Khaibar Bekas bangunan di;
66;000256-001;473;Khaibar;LOCATION;LOCATION?;;;Dulu Khaibar adalah sebuah kota besar yang memiliki benteng dan kebun-kebun sejauh enam puluh hingga delapan puluh mil dari Madinah.;Dulu;adalah sebuah kota besar yang memiliki benteng dan kebun-kebun sejauh enam puluh hingga d
67;000256-001;473;Khaibar;LOCATION;LOCATION?;;;Kini Khaibar merupakan perkampungan yang cukup berbahaya.;bun sejauh enam puluh hingga delapan puluh mil dari Madinah. tepatnya ke arah utara. Kini;merupakan perkampungan yang cukup berbahaya.
68;000257-001;473-474;Khaibar;LOCATION;?;;;Karena Khaibar merupakan kandang konspirasi dan pengkhianatan.;yah, lalu orang-orang Muslim dapat berkonsentrasi untuk menyebarkan risalah Allah. Karena;merupakan kandang konspirasi dan pengkhianatan. pangkalan militer, sumber permusuhan dan
69;000257-001;473-474;Khaibar;LOCATION;EVENT?;;;pangkalan militer, sumber permusuhan dan pemicu peperangan, maka tidak mengherankan jika Khaibar menjadi sasaran pertama yang dilirik orang-orang Muslim.;pangkalan militer, sumber permusuhan dan pemicu peperangan, maka tidak mengherankan jika;menjadi sasaran pertama yang dilirik orang-orang Muslim. Sekalipun memang demikian keadaa
70;000257-001;473-474;Khaibar;LOCATION;LOCATION?;;;Sekalipun memang demikian keadaan Khaibar, kita tidak boleh lupa bahwa penduduk Khaibar adalah orang-orang yang menghimpun pasukan untuk memerangi kaum Muslimin dan mendorong Bani Quraizhah untuk melanggar perjanjian dan berkhianat, menjalin kontak dengan orang-orang munafik yang merupakan duri dalam masyarakat Islam, berhubungan dengan penduduk Ghathafan dan orang-orang Arab Badui, yang merupakan sayap ketiga dari pasukan musuh.;enjadi sasaran pertama yang dilirik orang-orang Muslim. Sekalipun memang demikian keadaan;, kita tidak boleh lupa bahwa penduduk Khaibar adalah orang-orang yang menghimpun pasukan
71;000257-001;473-474;Khaibar;LOCATION;LOCATION?;;;Sekalipun memang demikian keadaan Khaibar, kita tidak boleh lupa bahwa penduduk Khaibar adalah orang-orang yang menghimpun pasukan untuk memerangi kaum Muslimin dan mendorong Bani Quraizhah untuk melanggar perjanjian dan berkhianat, menjalin kontak dengan orang-orang munafik yang merupakan duri dalam masyarakat Islam, berhubungan dengan penduduk Ghathafan dan orang-orang Arab Badui, yang merupakan sayap ketiga dari pasukan musuh.;g Muslim. Sekalipun memang demikian keadaan Khaibar, kita tidak boleh lupa bahwa penduduk;adalah orang-orang yang menghimpun pasukan untuk memerangi kaum Muslimin dan mendorong Ba
72;000259-001;474;Khaibar;LOCATION;LOCATION?;;;"Menurut para mufasir, Khaibar merupakan janji yang pernah disampaikan Allah dalam firman-Nya, %L xI ""Allah menjanjikan kepada kamu harta rampasan yang banyak yang dapat kamu ambil, maka disegerakan-Nya harta rampasan ini untukmu.";Menurut para mufasir,;"merupakan janji yang pernah disampaikan Allah dalam firman-Nya, %L xI ""Allah menjanjikan"
73;000259-001;474;Khaibar;LOCATION;?;;;Adapun harta rampasan itu adalah Khaibar.;Fath: 20) Maksud janji ini adalah Perjanjian Hudaibiyah. Adapun harta rampasan itu adalah;.
74;000260-001;474-475;Khaibar;LOCATION;LOCATION?;;;(Al-Fath: 15) Ketika Rasulullah hendak keluar ke Khaibar, beliau mengumumkan bahwa yang boleh bergabung hanya orang-orang yang suka berjihad.;tidak mengerti melainkan sedikit sekali. (Al-Fath: 15) Ketika Rasulullah hendak keluar ke;, beliau mengumumkan bahwa yang boleh bergabung hanya orang-orang yang suka berjihad. Sehi
75;000261-001;475;Khaibar;LOCATION;LOCATION?;;;"Pemimpin munafikin, Abdullah bin Ubay, mengirim utusan kepada Yahudi Khaibar untuk menyampaikan pesan, ""Muhammad hendak mendatangi kalian, maka bersiapsiagalah dan kalian tidak perlu takut terhadapnya, karena jumlah dan kekuatan kalian lebih banyak.";orang-orang Yahudi. Pemimpin munafikin, Abdullah bin Ubay, mengirim utusan kepada Yahudi;"untuk menyampaikan pesan, ""Muhammad hendak mendatangi kalian, maka bersiapsiagalah dan ka"
76;000261-001;475;Khaibar;LOCATION;LOCATION?;;;""" Ketika penduduk Khaibar mengetahui kabar ini, mereka mengutus Kinanah bin Abul Huqaiq dan Haudzah bin Qais ke Ghathafan untuk meminta bantuan kepada mereka, sebab Ghathafan merupakan sekutu Yahudi dan sepakat untuk memusuhi orang-orang Muslim.";". Kaum Muhammad hanya sedikit dan hanya membawa persenjataan yang minim."" Ketika penduduk";mengetahui kabar ini, mereka mengutus Kinanah bin Abul Huqaiq dan Haudzah bin Qais ke Gha
77;000261-001;475;Khaibar;LOCATION;?;;;Jika dapat mengalahkan orang-orang Muslim, Ghathafan meminta syarat untuk diberi separoh hasil korma Khaibar;mengalahkan orang-orang Muslim, Ghathafan meminta syarat untuk diberi separoh hasil korma;
78;000263-001;476-477;Khaibar;LOCATION;LOCATION?;;;"Dari Salamah bin Al-Akwa', dia menuturkan, ""Kami keluar bersama Nabi ke Khaibar.";"Dari Salamah bin Al-Akwa', dia menuturkan, ""Kami keluar bersama Nabi ke";. Kami mengadakan perjalanan pada malam hari. Ada seseorang berkata kepada Amir, Wahai Ami
79;000263-001;476-477;Khaibar;LOCATION;LOCATION?;;;Di Ash-Shahba' yang jaraknya tidak seberapa jauh dengan Khaibar.;"ng Maha Mendengar lagi dekat."" 3. Di Ash-Shahba' yang jaraknya tidak seberapa jauh dengan";.
80;000264-001;478-479;Khaibar;LOCATION;EVENT?;;;Pada malam hari sebelum esok hari terjadinya peperangan, orang-orang Muslim berada di suatu tempat tak jauh dari Khaibar.;esok hari terjadinya peperangan, orang-orang Muslim berada di suatu tempat tak jauh dari;. Orang-orang Yahudi belum menyadari kedatangan mereka. Seperti biasanya, jika Rasulullah
81;000264-001;478-479;Khaibar;LOCATION;LOCATION?;;;Penduduk Khaibar keluar dari rumah mereka sambil membawa sekop dan keranjang seperti biasanya, menuju kebun.;h pagi harinya. Setelah waktu subuh tiba, beliau segera mendirikan shalat subuh. Penduduk;keluar dari rumah mereka sambil membawa sekop dan keranjang seperti biasanya, menuju kebu
82;000264-001;478-479;Khaibar;LOCATION;LOCATION?;;;"Nabi berseru, ""Allah Akbar, runtuhlah Khaibar! Allahhu Akbar, runtuhlah Khaibar! Jika kita tiba di pelataran suatu kaum, maka amat buruklah bagi orang-orang yang mendapatkan peringatan.";"ereka kembali lagi ke kota mereka dengan berlarian. Nabi berseru, ""Allah Akbar, runtuhlah";! Allahhu Akbar, runtuhlah Khaibar! Jika kita tiba di pelataran suatu kaum, maka amat buru
83;000264-001;478-479;Khaibar;LOCATION;LOCATION?;;;"Nabi berseru, ""Allah Akbar, runtuhlah Khaibar! Allahhu Akbar, runtuhlah Khaibar! Jika kita tiba di pelataran suatu kaum, maka amat buruklah bagi orang-orang yang mendapatkan peringatan.";"dengan berlarian. Nabi berseru, ""Allah Akbar, runtuhlah Khaibar! Allahhu Akbar, runtuhlah";! Jika kita tiba di pelataran suatu kaum, maka amat buruklah bagi orang-orang yang mendapa
84;000264-001;478-479;Khaibar;LOCATION;LOCATION?;;;"""Wahai Rasulullah, tempat ini terlalu dekat dengan benteng Nathat dan para prajurit Khaibar yang dipusatkan di benteng itu, dengan begitu mereka bisa mengetahui keadaan kita, sementara kita tidak bisa mengetahui keadaan mereka.";"liau. ""Wahai Rasulullah, tempat ini terlalu dekat dengan benteng Nathat dan para prajurit";yang dipusatkan di benteng itu, dengan begitu mereka bisa mengetahui keadaan kita, sement
85;000264-002;478-479;Khaibar;LOCATION;LOCATION?;;;"Setelah tiba di suatu tempat yang tak jauh dari Khaibar, beliau berseru, ""Berhenti!"" Setelah pasukan berhenti beliau berdoa.";merintahkan untuk pindah ke tempat lain. Setelah tiba di suatu tempat yang tak jauh dari;", beliau berseru, ""Berhenti!"" Setelah pasukan berhenti beliau berdoa. ""Ya Allah, Rabb lang"
86;000265-001;479-480;Khaibar;LOCATION;LOCATION?;;;Khaibar bisa dibagi menjadi dua paroh.;pendapat yang lebih kuat menurut beberapa peneliti adalah seperti yang kami sebutkan ini.;bisa dibagi menjadi dua paroh. Satu paroh memiliki lima benteng, yaitu: 1. Benteng Na'im
87;000266-001;480-482;Khaibar;LOCATION;LOCATION?;;;"Salamah bin Al-Akwa berkata, ""Setelah kami tiba di Khaibar, raja mereka, Marhab, keluar dengar menghunus pedangnya sambil melantunkan syair, ""Khaibar sudah mengenal, akulah Marhab memanggul senjata tajam pahlawan berpengalaman.";"n, Marhab menantang untuk adu tanding. Salamah bin Al-Akwa berkata, ""Setelah kami tiba di";", raja mereka, Marhab, keluar dengar menghunus pedangnya sambil melantunkan syair, ""Khaiba"
88;000266-001;480-482;Khaibar;LOCATION;LOCATION?;;;"Salamah bin Al-Akwa berkata, ""Setelah kami tiba di Khaibar, raja mereka, Marhab, keluar dengar menghunus pedangnya sambil melantunkan syair, ""Khaibar sudah mengenal, akulah Marhab memanggul senjata tajam pahlawan berpengalaman.";"haibar, raja mereka, Marhab, keluar dengar menghunus pedangnya sambil melantunkan syair, """;"sudah mengenal, akulah Marhab memanggul senjata tajam pahlawan berpengalaman."" Pamanku, A"
89;000266-001;480-482;Khaibar;LOCATION;LOCATION?;;;""" Pamanku, Amir maju ke hadapan Marhab sambil membalas syairnya, Khaibar sudah mengenal, akulah Amir memanggul senjata tajam pahlawan berpetualang.";"m pahlawan berpengalaman."" Pamanku, Amir maju ke hadapan Marhab sambil membalas syairnya,";"sudah mengenal, akulah Amir memanggul senjata tajam pahlawan berpetualang. "" Keduanya ter"
90;000272-001;485;Khaibar;LOCATION;LOCATION?;;;""" Maka Ibnu Abil Huqaiq turun dari benteng dan menawarkan suatu perundingan, agar orang-orang Yahudi yang ada di dalam benteng tidak dibunuh, anak-anak tidak ditawan, mereka siap meninggalkan Khaibar dengan segenap keluarga, menyerahkan semua harta kekayaan Khaibar, tanah, emas, perak kuda, dan himar, baju perang, kecuali pakaian-pakaian yang dikenakan Rasulullah bersabda, ""Aku juga membebaskan kalian dari perlindungan Allah dan Rasul-Nya apabila kalian menyembunyikan sesuatu pun dariku.";ang ada di dalam benteng tidak dibunuh, anak-anak tidak ditawan, mereka siap meninggalkan;dengan segenap keluarga, menyerahkan semua harta kekayaan Khaibar, tanah, emas, perak kud
91;000272-001;485;Khaibar;LOCATION;LOCATION?;;;""" Maka Ibnu Abil Huqaiq turun dari benteng dan menawarkan suatu perundingan, agar orang-orang Yahudi yang ada di dalam benteng tidak dibunuh, anak-anak tidak ditawan, mereka siap meninggalkan Khaibar dengan segenap keluarga, menyerahkan semua harta kekayaan Khaibar, tanah, emas, perak kuda, dan himar, baju perang, kecuali pakaian-pakaian yang dikenakan Rasulullah bersabda, ""Aku juga membebaskan kalian dari perlindungan Allah dan Rasul-Nya apabila kalian menyembunyikan sesuatu pun dariku.";ereka siap meninggalkan Khaibar dengan segenap keluarga, menyerahkan semua harta kekayaan;, tanah, emas, perak kuda, dan himar, baju perang, kecuali pakaian-pakaian yang dikenakan
92;000272-001;485;Khaibar;LOCATION;LOCATION?;;;Dengan begitu selesailah sudah penyerahan semua benteng kepada orang-orang Muslim sehingga selesai pula penaklukkan Khaibar.;udah penyerahan semua benteng kepada orang-orang Muslim sehingga selesai pula penaklukkan;.
93;000273-001;485-486;Khaibar;LOCATION;LOCATION?;;;Dia menyembunyikan tempat-tempat minyak wangi yang berisi berbagai macam perhiasan milik Huyai bin Akhthab, yang dulu dibawanya ke Khaibar ketika An-Nadhir ditumpas.;angi yang berisi berbagai macam perhiasan milik Huyai bin Akhthab, yang dulu dibawanya ke;"ketika An-Nadhir ditumpas. Ibnu Ishaq menuturkan, ""Rasulullah menemui Kinanah bin Ar-Rabi"
94;000274-002;486-487;Khaibar;LOCATION;LOCATION?;;;Banyaknya harta rampasan dari Khaibar ini telah diriway atkan Al-Bukhari.;t tiga bagian, sedangkan pejalan kaki mendapat satu bagian. Banyaknya harta rampasan dari;ini telah diriway atkan Al-Bukhari. dari Umar, dia berkata, Sebelumnya kami tidak pernah
95;000274-002;486-487;Khaibar;LOCATION;?;;;dari Umar, dia berkata, Sebelumnya kami tidak pernah merasa kenyang hingga kami bisa menaklukkan Khaibar.;ar, dia berkata, Sebelumnya kami tidak pernah merasa kenyang hingga kami bisa menaklukkan;"."" Begitu pula yang diriwayatkan Aisyah, dia berkata, ""Saat Khaibar ditaklukkan, kami berk"
96;000274-002;486-487;Khaibar;LOCATION;?;;;""" Begitu pula yang diriwayatkan Aisyah, dia berkata, ""Saat Khaibar ditaklukkan, kami berkata, Sekarang kami bisa keny ang karena makan korma.";"kami bisa menaklukkan Khaibar."" Begitu pula yang diriwayatkan Aisyah, dia berkata, ""Saat";"ditaklukkan, kami berkata, Sekarang kami bisa keny ang karena makan korma. "" Setelah Rasu"
97;000275-001;487-488;Khaibar;LOCATION;EVENT?;;;Pada saat-saat peperangan Khaibar ini, anak paman beliau, Ja'far bin Abu Thalib, tiba bersama orang-orang Asy' ariyin yaitu Abu Musa dan rekan- rekannya.;Pada saat-saat peperangan;ini, anak paman beliau, Ja'far bin Abu Thalib, tiba bersama orang-orang Asy' ariyin yaitu
98;000275-001;487-488;Khaibar;LOCATION;LOCATION?;;;"Abu Musa menuturkan, ""Kami mendengar keberangkatan Rasulullah (ke Khaibar) saat kami masih berada di Yaman.";"sa dan rekan- rekannya. Abu Musa menuturkan, ""Kami mendengar keberangkatan Rasulullah (ke";) saat kami masih berada di Yaman. Lalu kami pergi untuk berhijrah dengan naik perahu, yan
99;000275-001;487-488;Khaibar;LOCATION;LOCATION?;;;""" Maka kami menetap di sana, lalu meninggalkan Habasyah hingga akhirnya kami tiba pada saat penaklukkan Khaibar.";netap di sana, lalu meninggalkan Habasyah hingga akhirnya kami tiba pada saat penaklukkan;. Beliau memberikan bagian dari harta rampasan kepada kami, padahal beliau tidak memberika
100;000275-001;487-488;Khaibar;LOCATION;?;;;"Beliau bersabda, ""Demi Allah, aku tidak tahu karena apa aku gembira, entah karena penaklukkan Khaibar entah karena kedatangan Ja'far.";"au bersabda, ""Demi Allah, aku tidak tahu karena apa aku gembira, entah karena penaklukkan";"entah karena kedatangan Ja'far."""
101;000278-001;489-490;Khaibar;LOCATION;LOCATION?;;;satu orang dari Aslam, satu orang dari penduduk Khaibar, dan sisanya dari Anshar.;dari keturunan Quraisy, satu orang Asyja. satu orang dari Aslam, satu orang dari penduduk;", dan sisanya dari Anshar. 232 Sirah An-Nabawiyah, Ibnu Hisyam, 2/336; Zadul Ma'ad, 2/137."
102;000279-001;490;Khaibar;LOCATION;LOCATION?;;;Setelah tiba di Khaibar, Rasulullah langsung mengutus Muhayyishah bin Mas'ud untuk menemui orang-orang Yahudi Fadak, dan menyeru mereka agar masuk Islam.;Setelah tiba di;, Rasulullah langsung mengutus Muhayyishah bin Mas'ud untuk menemui orang-orang Yahudi Fad
103;000279-001;490;Khaibar;LOCATION;LOCATION?;;;Setelah Khaibar dapat ditaklukkan, Allah menyusupkan ketakutan ke dalam hati penduduk Fadak Lalu mereka mengirim utusan kepada beliau untuk mengadakan perjanjian, intinya mereka sanggup menyerahkan separoh hasil fadak, seperti kesediaan penduduk Khaibar.;Yahudi Fadak, dan menyeru mereka agar masuk Islam. Namun mereka menunda jawaban. Setelah;dapat ditaklukkan, Allah menyusupkan ketakutan ke dalam hati penduduk Fadak Lalu mereka m
104;000279-001;490;Khaibar;LOCATION;LOCATION?;;;Setelah Khaibar dapat ditaklukkan, Allah menyusupkan ketakutan ke dalam hati penduduk Fadak Lalu mereka mengirim utusan kepada beliau untuk mengadakan perjanjian, intinya mereka sanggup menyerahkan separoh hasil fadak, seperti kesediaan penduduk Khaibar.;njian, intinya mereka sanggup menyerahkan separoh hasil fadak, seperti kesediaan penduduk;. Beliau menerima tawaran mereka ini. Hasil pembagian dari Fadak ini murni bagi Rasulullah
105;000283-001;492;Khaibar;LOCATION;EVENT?;;;Selagi beliau masih ada di Khaibar, Aban sudah menemui beliau di sana dan sudah melaksanakan tugas yang dibebankan kepadanya Menurut pendapat yang lebih kuat, pengiriman pasukan ini terjadi pada bulan Shafar 7 H.;rang Arab Badui. Satuan pasukan ini dikomandoi Aban bin Sa'id. Selagi beliau masih ada di;, Aban sudah menemui beliau di sana dan sudah melaksanakan tugas yang dibebankan kepadanya
106;000284-001;493-497;Khaibar;LOCATION;LOCATION?;;;Dalam hal ini mereka lebih sulit dihadapi daripada penduduk Makkah ataupun Khaibar.;secara tuntas. Dalam hal ini mereka lebih sulit dihadapi daripada penduduk Makkah ataupun;. Oleh karena itu tidak banyak yang harus dilakukan untuk menghadapi mereka kecuali member
107;000284-007;493-497;Khaibar;LOCATION;?;;;Satuan pasukan Abdullah bin Rawahah ke Khaibar pada bulan Syawwal 7 H bersama 30 orang penunggang kuda.;a engkau dapat mengetahui apakah dia jujur atau 6. Satuan pasukan Abdullah bin Rawahah ke;pada bulan Syawwal 7 H bersama 30 orang penunggang kuda.
108;000284-008;493-497;Khaibar;LOCATION;?;;;Satuan pasukan Abdullah bin Rawahah ke Khaibar pada bulan Syawwal 7 H bersama 30 orang penunggang kuda.;Satuan pasukan Abdullah bin Rawahah ke;pada bulan Syawwal 7 H bersama 30 orang penunggang kuda. Pasalnya, Usair bin Basyir bin R
109;000284-008;493-497;Khaibar;LOCATION;?;;;Mereka dapat membujuk Usair bersama 30 rekannya hingga mau keluar dan mengatakan kepadanya, bahwa apabila dia mau menghadap Nabi , maka beliau akan mengangkat dirinya sebagai wakil beliau di Khaibar.;bila dia mau menghadap Nabi , maka beliau akan mengangkat dirinya sebagai wakil beliau di;. Dia mengikuti saran ini. Dalam perjalanan ke Madinah dan setelah tiba di Qarqarah, terja
110;000357-002;577-590;Khaibar;LOCATION;LOCATION?;;;Utusan kabilah ini datang pada awal tahun 7 H, yang saat itu Rasulullah sedang berada di Khaibar.;Utusan kabilah ini datang pada awal tahun 7 H, yang saat itu Rasulullah sedang berada di;. Di bagian terdahulu sudah kami paparkan sedikit uraian tentang keislaman Ath-Thufail bin
111;000357-002;577-590;Khaibar;LOCATION;LOCATION?;;;Karena saat itu beliau sedang berada di Khaibar, maka mereka pun menyusul ke sana.;utus 70 atau 80 keluarga dari kaumnya ke Madinah. Karena saat itu beliau sedang berada di;, maka mereka pun menyusul ke sana. Farwah bin Amr Al-Judzami. Farwah adalah seorang koman
112;000368-002;606-607;Khaibar;LOCATION;LOCATION?;;;"Ditambah lagi pengaruh racun yang disusupkan dalam daging oleh wanita Yahudi yang beliau makan sewaktu di Khaibar, hingga beliau bersabda, ""Wahai Aisyah, aku masih merasakan sakit karena makanan yang sempat kucicipi di Khaibar.";ngaruh racun yang disusupkan dalam daging oleh wanita Yahudi yang beliau makan sewaktu di;", hingga beliau bersabda, ""Wahai Aisyah, aku masih merasakan sakit karena makanan yang sem"
113;000368-002;606-607;Khaibar;LOCATION;LOCATION?;;;"Ditambah lagi pengaruh racun yang disusupkan dalam daging oleh wanita Yahudi yang beliau makan sewaktu di Khaibar, hingga beliau bersabda, ""Wahai Aisyah, aku masih merasakan sakit karena makanan yang sempat kucicipi di Khaibar.";"bersabda, ""Wahai Aisyah, aku masih merasakan sakit karena makanan yang sempat kucicipi di";". Inilah bagiku untuk merasakan bagaimana terputusnya nadiku karena racun tersebut."" Belia"
114;000384-001;613;Khaibar;LOCATION;?;;;Dia berasal dari Bani Israil, yang sebelumnya dia salah seorang dari tawanan Khaibar.;Dia berasal dari Bani Israil, yang sebelumnya dia salah seorang dari tawanan;. Lalu Rasulullah memilihnya untuk diri beliau sendiri. membebaskannya dan menikahinya set
115;000384-001;613;Khaibar;LOCATION;EVENT?;;;membebaskannya dan menikahinya setelah penaklukkan Khaibar pada tahun 7 H.;memilihnya untuk diri beliau sendiri. membebaskannya dan menikahinya setelah penaklukkan;pada tahun 7 H.
116;000218-025;390-404;Khandaq;LOCATION;?;;;Dengan mengompromikan beberapa buku rujukan, dapat diambil kesimpulan bahwa permulaan pengepungan pada bulan Syawwal dan berakhir pada bulan Dzul Qa'dah Menurut riwayat Ibnu Sa'd, Rasulullah kembali dari Khandaq pada hari Rabu, seminggu sebelum habisnya bulan Dzul Qa'dah.;al dan berakhir pada bulan Dzul Qa'dah Menurut riwayat Ibnu Sa'd, Rasulullah kembali dari;pada hari Rabu, seminggu sebelum habisnya bulan Dzul Qa'dah.
117;000218-026;390-404;Khandaq;LOCATION;?;;;Dengan mengompromikan beberapa buku rujukan, dapat diambil kesimpulan bahwa permulaan pengepungan pada bulan Syawwal dan berakhir pada bulan Dzul Qa'dah Menurut riwayat Ibnu Sa'd, Rasulullah kembali dari Khandaq pada hari Rabu, seminggu sebelum habisnya bulan Dzul Qa'dah.;al dan berakhir pada bulan Dzul Qa'dah Menurut riwayat Ibnu Sa'd, Rasulullah kembali dari;pada hari Rabu, seminggu sebelum habisnya bulan Dzul Qa'dah. Pasukan Muslim berhadapan de
118;000347-001;563-565;Tabuk;LOCATION;LOCATION?;;;""" Pada hari Kamis, Rasulullah mulai bergerak ke arah utara dengan tujuan Tabuk.";"a nabi sesudahku."" Pada hari Kamis, Rasulullah mulai bergerak ke arah utara dengan tujuan";. Karena jumlah pasukannya sangat besar, yaitu sebanyak 30.000 prajurit, maka persiapan un
119;000347-001;563-565;Tabuk;LOCATION;LOCATION?;;;Karena itu pasukan ini disebut dengan Jaisyul Usrah (pasukan yang keadaannya sulit) Dalam perjalanan ke Tabuk, pasukan Islam ini melewati Al-Hijr.;ukan ini disebut dengan Jaisyul Usrah (pasukan yang keadaannya sulit) Dalam perjalanan ke;, pasukan Islam ini melewati Al-Hijr.
120;000347-002;563-565;Tabuk;LOCATION;LOCATION?;;;Karena itu pasukan ini disebut dengan Jaisyul Usrah (pasukan yang keadaannya sulit) Dalam perjalanan ke Tabuk, pasukan Islam ini melewati Al-Hijr.;ukan ini disebut dengan Jaisyul Usrah (pasukan yang keadaannya sulit) Dalam perjalanan ke;, pasukan Islam ini melewati Al-Hijr. perkampungan orang-orang Tsamud yang dahulunya merek
121;000347-002;563-565;Tabuk;LOCATION;LOCATION?;;;"Saat perjalanan sudah mendekati Tabuk, beliau bersabda, ""Insya Allah besok kalian sudah sampai di mata air Tabuk.";ka dapat meminumnya dan memuaskan kebutuhan terhadap air. Saat perjalanan sudah mendekati;", beliau bersabda, ""Insya Allah besok kalian sudah sampai di mata air Tabuk."
122;000347-002;563-565;Tabuk;LOCATION;LOCATION?;;;"Saat perjalanan sudah mendekati Tabuk, beliau bersabda, ""Insya Allah besok kalian sudah sampai di mata air Tabuk.";"udah mendekati Tabuk, beliau bersabda, ""Insya Allah besok kalian sudah sampai di mata air";.
123;000348-001;565-567;Tabuk;LOCATION;LOCATION?;;;Pasukan Islam tiba di Tabuk dan berkubu di sana.;Pasukan Islam tiba di;dan berkubu di sana. Mereka siap bertempur melawan musuh. Rasulullah berdiri di hadapan p
124;000348-003;565-567;Tabuk;LOCATION;LOCATION?;;;Bersama Yuhannah, dia menyetuju perjanjian yang berlaku untuk penduduk Dumah, Tabuk, Ailah, dan Taima'.;yar jizyah. Bersama Yuhannah, dia menyetuju perjanjian yang berlaku untuk penduduk Dumah,;, Ailah, dan Taima'. Berbagai kabilah yang dulunya tunduk kepada kekuasaan bangsa Romawi s
125;000349-001;567;Tabuk;LOCATION;EVENT?;;;Pasukan Islam meninggalkan Tabuk dengan membawa kemenangan, tanpa mengalami tekanan sedikit pun.;Pasukan Islam meninggalkan;dengan membawa kemenangan, tanpa mengalami tekanan sedikit pun. Dengan perjalanan ini All
126;000352-001;570-571;Tabuk;LOCATION;?;;;Sebagian turun sebelum keberangkatan ke Tabuk dan sebagian yang lain turun setelah keberangkatan, tepatnya ada yang turun saat perjalanan dan sebagian yang lain turun sekembali ke Madinah.;asul, SyaikhAbdullah An-Najdi, hlm. 391-407. ini. Sebagian turun sebelum keberangkatan ke;dan sebagian yang lain turun setelah keberangkatan, tepatnya ada yang turun saat perjalan
127;000353-001;571;Tabuk;LOCATION;?;;;Pada tahun ini terjadi beberapa peristiwa penting dalam sejarah seperti: Setelah Rasulullah pulang dari Tabuk, terjadi li'an antara Uwaimir dan istrinya.;terjadi beberapa peristiwa penting dalam sejarah seperti: Setelah Rasulullah pulang dari;, terjadi li'an antara Uwaimir dan istrinya. 2. Seorang wanita Ghamidiyah dirajam setelah
128;000353-001;571;Tabuk;LOCATION;?;;;Pemimpin orang-orang munafik, Abdullan bin Ubay bin Salul, meninggal setelah Rasulullah pulang dari Tabuk.;rang-orang munafik, Abdullan bin Ubay bin Salul, meninggal setelah Rasulullah pulang dari;. Beliau memintakan ampunan baginya dan menshalati jenazahnya, setelah Umar bin Al-Khathth
129;000353-001;571;Tabuk;LOCATION;LOCATION?;;;Salah satu benteng di Tabuk;etelah itu turun ayat yang membenarkan sikap Umar bin Al-Khaththab. Salah satu benteng di;
130;000357-007;577-590;Tabuk;LOCATION;?;;;Mereka datang pada bulan Ramadhan 9 H, sepulang Rasulullah dari Tabuk.;"."" 8. Utusan dari Tsaqif. Mereka datang pada bulan Ramadhan 9 H, sepulang Rasulullah dari";. Adapun latar belakang keislaman mereka, karena pemimpin mereka, Urwah bin Mas'ud, Ats-Ts
131;000168-001;332;Uhud;LOCATION;EVENT?;;;Pasukan musyrikin mengambil tempat yang menghalangi pasukan Muslimin dengan bukit Uhud.;musuh. Pasukan musyrikin mengambil tempat yang menghalangi pasukan Muslimin dengan bukit;". Beliau bertanya, ""Siapakah yang bisa menunjukkan jalan yang lebih dekat tanpa harus mele"
132;000168-001;332;Uhud;LOCATION;LOCATION?;;;""" Lalu dia memilil jalan yang lebih pendek ke Uhud, melewati tanah dan perkebunan milik Bani Haritsah, berjalan ke arah barat meninggalkan pasukan musyrikin.";"Khaitsamah menjawab, ""Saya wahai Rasulullah."" Lalu dia memilil jalan yang lebih pendek ke";, melewati tanah dan perkebunan milik Bani Haritsah, berjalan ke arah barat meninggalkan p
133;000168-001;332;Uhud;LOCATION;LOCATION?;;;""" Rasulullah meneruskan perjalanan hingga tiba di kaki bukit Uhud Pasukan Muslimin mengambil tempat dengan posisi menghadap ke arah Madinah dengan memunggungi Uhud.";"karena itu buta pula matanya."" Rasulullah meneruskan perjalanan hingga tiba di kaki bukit";Pasukan Muslimin mengambil tempat dengan posisi menghadap ke arah Madinah dengan memunggu
134;000168-001;332;Uhud;LOCATION;LOCATION?;;;""" Rasulullah meneruskan perjalanan hingga tiba di kaki bukit Uhud Pasukan Muslimin mengambil tempat dengan posisi menghadap ke arah Madinah dengan memunggungi Uhud.";ukan Muslimin mengambil tempat dengan posisi menghadap ke arah Madinah dengan memunggungi;. Dengan posisi ini, pasukan musuh berada di tengah antara mereka dan Madinah
135;000184-001;343-344;Uhud;LOCATION;LOCATION?;;;Kini di hadapan beliau hanya ada dua jalan, entah segera lari menyelamatkan diri bersama para sahabatnya yang hanya sembilan orang itu ke suatu tempat yang lebih aman, lalu membiarkan pasukannya yang lain terkepung entah bagaimana jadinya nanti, ataukah dia mengumpulkan kembali semua anggota pasukannya yang cerai berai agar kembali ke tempat beliau, lalu menggunakan mereka sebagai tameng untuk menyibak pasukan musuh hingga mencapai puncak Uhud? Di sini tampak kecerdikan Rasulullah dan keberanian beliau dalam membaca keadaan.;alu menggunakan mereka sebagai tameng untuk menyibak pasukan musuh hingga mencapai puncak;? Di sini tampak kecerdikan Rasulullah dan keberanian beliau dalam membaca keadaan. Dengan
136;000185-002;344-346;Uhud;LOCATION;LOCATION?;;;Aku bisa mencium baunya dari arah Uhud.;"ar?"" Anas menjawab, Di sana ada aroma surga wahai Sa'd. Aku bisa mencium baunya dari arah";"."" Setelah itu dia beranjak dan menyerbu, tak seorang pun mendapatkan jasadnya."
137;000208-002;374-375;Uhud;LOCATION;EVENT?;;;Dengan begitu, dosa orang-orang Mukmin terhapus dan dosa orang-orang kafir semakin menumpuk Gunung Uhud Jabal Ar-Rumah, lokasi yang digunakan pasukan pemanah;gitu, dosa orang-orang Mukmin terhapus dan dosa orang-orang kafir semakin menumpuk Gunung;Jabal Ar-Rumah, lokasi yang digunakan pasukan pemanah
138;000210-001;377;Uhud;LOCATION;?;;;Yang pertama kali melakukan perlawanan terhadap orang-orang Muslim setelah tragedi Uhud adalah Bani As'ad bin Khuzaimah.;Yang pertama kali melakukan perlawanan terhadap orang-orang Muslim setelah tragedi;adalah Bani As'ad bin Khuzaimah. Mata-mata Madinah mencium bahwa Thalhah dan Salamah, ana
139;000218-008;390-404;Uhud;LOCATION;LOCATION?;;;Pasukan Quraisy yang berkekuatan 4000 personil tiba di Mujtama'ul Asyal di kawasan Rumat, tepatnya antara Juruf dan Sedangkan Kabilah Ghathafan dan penduduk Najd yang berkekuatan 6000 personil itu tiba di Dzanab di dekat Uhud.;ah Ghathafan dan penduduk Najd yang berkekuatan 6000 personil itu tiba di Dzanab di dekat;". Firman Allah, E S xI ex L I iJE CIyT i KJg ""Dan, tatkala orang-orang Mukmin melihat golo"
140;000218-014;390-404;Uhud;LOCATION;LOCATION?;;;Sedangkan Ghathafan dengan semua pemimpinnya kusuruh bermarkas di Dzanab Naqami dekat Uhud.;at. Sedangkan Ghathafan dengan semua pemimpinnya kusuruh bermarkas di Dzanab Naqami dekat;. Mereka semua sudah berjanji dan bersumpah kepadaku untuk tidak pulang sebelum membinasak
141;000320-004;532-536;Uhud;LOCATION;?;;;Demi Allah, andaikan Uhud ini gunung emas kemudian engkau menafkahkan 249 Shahih Al-Bukhari, 1/450-622.;"da kepada Khalid, ""Sebentar wahai Khalid. Biarkanlah para sahabatku. Demi Allah, andaikan";ini gunung emas kemudian engkau menafkahkan 249 Shahih Al-Bukhari, 1/450-622. semuanya fi
142;000349-001;567;Uhud;LOCATION;LOCATION?;;;""" (At- Taubah: 74) Ketika tanda-tanda daerah Madinah sudah tampak dari kejauhan, beliau bersabda, ""Itu adalah Gunung Uhud.";"anda-tanda daerah Madinah sudah tampak dari kejauhan, beliau bersabda, ""Itu adalah Gunung";". Ia mencintai kami dan kami mencintainya."" Secara lamat-lamat orang yang berada di Madina"
143;000361-001;601-602;Uhud;LOCATION;LOCATION?;;;Pada awal-awal bulan Shafar tahun 11 H, Rasulullah pergi ke Uhud, lalu shalat atas orang-orang yang mati syahid di sana, layaknya orang yang hendak berpisah dengan orang yang masih hidup dan orang yang sudah meninggal dunia.;ahan yang disyaratkan beliau. Pada awal-awal bulan Shafar tahun 11 H, Rasulullah pergi ke;, lalu shalat atas orang-orang yang mati syahid di sana, layaknya orang yang hendak berpis
144;000375-001;611;Uhud;LOCATION;EVENT?;;;Sedangkan Fathimah dinikahi Ali bin Abu Thalib pada waktu antara Perang Badr dan Uhud.;rsamaan. Sedangkan Fathimah dinikahi Ali bin Abu Thalib pada waktu antara Perang Badr dan;. Dari pernikahan Fathimah dan Ali ini lahir Hasan, Husain, Zainab, dan Ummu Kultsum Sebag
145;000378-001;612;Uhud;LOCATION;EVENT?;;;Dia ditinggal mati suaminya, Khunais bin Hudzafah As-Sahmi, pada waktu antara Perang Badr dan Uhud, lalu dinikahi Rasulullah pada tahun 3 H;ditinggal mati suaminya, Khunais bin Hudzafah As-Sahmi, pada waktu antara Perang Badr dan;, lalu dinikahi Rasulullah pada tahun 3 H
