event_name;current_bab;current_pages;top5_suggestions;ACTION;CORRECT_BAB;CORRECT_PAGES;NOTES
Perang Fijar;Perang Fijar;87-93;[1.00] Perang Fijar (p.87-93) | [0.70] Perang Najd (p.385-389) | [0.67] Perang Bani Nadhir (p.382-389) | [0.67] PERANG TABUK (p.558-571) | [0.64] PERMULAAN HIJRAH (p.210-213);;;;
Hijrah;Hijrah ke Habasyah yang Pertama;130-151;[0.92] Hijrah ke Habasyah yang Pertama (p.130-151) | [0.92] Tipu Muslihat Quraisy dalam Menghadapi Orang-Orang Muslim yang Hijrah ke Habasyah (p.133-151) | [0.92] PERMULAAN HIJRAH (p.210-213) | [0.92] RASULULLAH HIJRAH (p.218-232) | [0.92] KONDISI YANG MASIH LABIL DI MADINAH TATKALA HIJRAH (p.234-242);;;;
Isra' Mi'raj;ISRA’ DAN MI’RAJ;191-197;[0.71] ISRA’ DAN MI’RAJ (p.191-197) | [0.44] Imarah di Hijaz (p.48-55) | [0.44] Tiba di Madinah (p.367-375) | [0.43] Perang Najd (p.385-389) | [0.42] Duta Islam di Madinah (p.199-202);;;;
Baiat Aqabah;BAIAT AQABAH PERTAMA;198-202;[0.92] BAIAT AQABAH PERTAMA (p.198-202) | [0.92] BAIAT AQABAH KEDUA (p.203-209) | [0.50] Berangkat ke Khaibar (p.474-492) | [0.50] Pembagian Harta Rampasan (p.486-492) | [0.48] AGAMA BANGSA ARAB (p.56-65);;;;
Baiat Aqabah Kubra;BAIAT AQABAH KEDUA;203-209;[0.89] BAIAT AQABAH KEDUA (p.203-209) | [0.79] BAIAT AQABAH PERTAMA (p.198-202) | [0.50] POSISI BANGSA ARAB DAN KAUMNYA (p.34-42) | [0.50] Wadil Qura (p.490-492) | [0.47] Berangkat ke Khaibar (p.474-492);;;;
Perang Badr;Satuan-satuan Pasukan Sebelum Perang Badr;256-265;[0.92] Satuan-satuan Pasukan Sebelum Perang Badr (p.256-265) | [0.92] PERANG BADR KUBRA (p.266-304) | [0.92] AKTIVITAS PASUKAN ANTARA PERANG BADR DAN PERANG UHUD (p.305-307) | [0.92] Perang Badr yang Kedua (p.387-389) | [0.82] Perang Najd (p.385-389);;;;
Perang Badr Aisyah;PERANG BADR KUBRA;266-304;[0.74] PERANG BADR KUBRA (p.266-304) | [0.72] Perang Bani Lahyan (p.415-418) | [0.72] PERANG BANI QURAIZHAH (p.405-411) | [0.70] Perang Badr yang Kedua (p.387-389) | [0.68] Perang Bani Qainuqa’ (p.310-323);;;;
Perang Badr Beberapa;PERANG BADR KUBRA;266-304;[0.81] PERANG BADR KUBRA (p.266-304) | [0.67] Perang Badr yang Kedua (p.387-389) | [0.65] Pertempuran di Beberapa Titik (p.338-375) | [0.63] PERANG BANI QURAIZHAH (p.405-411) | [0.63] Perang Bani Lahyan (p.415-418);;;;
Perang Badr Kubra;PERANG BADR KUBRA;266-304;[1.00] PERANG BADR KUBRA (p.266-304) | [0.77] Perang Badr yang Kedua (p.387-389) | [0.68] PERANG BANI QURAIZHAH (p.405-411) | [0.67] Perang Dzatur Riqa’ (p.493-497) | [0.65] Perang Bani Qainuqa’ (p.310-323);;;;
Perang Badr Shughra;PERANG BADR KUBRA;266-304;[0.83] PERANG BADR KUBRA (p.266-304) | [0.68] Perang Badr yang Kedua (p.387-389) | [0.65] PERANG BANI QURAIZHAH (p.405-411) | [0.65] Perang Bani Lahyan (p.415-418) | [0.63] Perang Dzatur Riqa’ (p.493-497);;;;
Perang Badr Ula;PERANG BADR KUBRA;266-304;[0.88] PERANG BADR KUBRA (p.266-304) | [0.76] Perang Badr yang Kedua (p.387-389) | [0.73] Perang Bani Lahyan (p.415-418) | [0.69] Perang Najd (p.385-389) | [0.69] Perang Bani Qainuqa’ (p.310-323);;;;
Perang Khaibar Bekas;PERANG BADR KUBRA;266-304;[0.70] PERANG BADR KUBRA (p.266-304) | [0.65] PERANG KHAIBAR DAN WADIL QURA (p.473-492) | [0.65] Berangkat ke Khaibar (p.474-492) | [0.62] Perang Fijar (p.87-93) | [0.62] Perang Badr yang Kedua (p.387-389);;;;
Fathul Makkah;Peringatan di Makkah;267-304;[0.55] Peringatan di Makkah (p.267-304) | [0.53] Pengaturan Pasukan Makkah (p.334-375) | [0.51] Pasukan Islam Masuk Makkah (p.524-536) | [0.48] Memasuki Madinah (p.231-232) | [0.47] Rasulullah Meninggalkan Makkah (p.540-551);;;;
Perang Uhud;AKTIVITAS PASUKAN ANTARA PERANG BADR DAN PERANG UHUD;305-307;[1.00] PERANG UHUD (p.324-375) | [0.92] AKTIVITAS PASUKAN ANTARA PERANG BADR DAN PERANG UHUD (p.305-307) | [0.92] SATUAN-SATUAN PERANG ANTARA PERANG UHUD DAN AHZAB (p.376-389) | [0.75] Perang Burhan (p.321-323) | [0.75] PERANG MU’TAH (p.502-510);;;;
Perang Bani Qainuqa';Perang Bani Qainuqa’;310-323;[0.95] Perang Bani Qainuqa’ (p.310-323) | [0.78] PERANG BANI QURAIZHAH (p.405-411) | [0.74] Perang Bani Nadhir (p.382-389) | [0.74] Perang Bani Lahyan (p.415-418) | [0.67] PERANG HUNAIN (p.538-551);;;;
Perang Asafan;Perang As-Sawiq;315-323;[0.71] Perang As-Sawiq (p.315-323) | [0.69] Perang Burhan (p.321-323) | [0.69] PERANG HUNAIN (p.538-551) | [0.69] Perang Tha’if (p.544-551) | [0.67] Persiapan Pasukan (p.276-304);;;;
Perang Safawan;Perang As-Sawiq;315-323;[0.69] Perang As-Sawiq (p.315-323) | [0.67] Perang Burhan (p.321-323) | [0.67] PERANG HUNAIN (p.538-551) | [0.67] Perang Tha’if (p.544-551) | [0.64] Perang Najd (p.385-389);;;;
Perang Bu'ats;Perang Burhan;321-323;[0.77] Perang Burhan (p.321-323) | [0.72] PERANG TABUK (p.558-571) | [0.69] PERANG MU’TAH (p.502-510) | [0.69] PERANG HUNAIN (p.538-551) | [0.67] PERANG BADR KUBRA (p.266-304);;;;
Perang Bukhtanashar;Perang Burhan;321-323;[0.75] Perang Burhan (p.321-323) | [0.70] Perang Bani Nadhir (p.382-389) | [0.70] Perang Bani Lahyan (p.415-418) | [0.69] PERANG MU’TAH (p.502-510) | [0.65] PERANG BANI QURAIZHAH (p.405-411);;;;
Perang Buwath;Perang Burhan;321-323;[0.77] Perang Burhan (p.321-323) | [0.77] PERANG MU’TAH (p.502-510) | [0.75] PERANG UHUD (p.324-375) | [0.72] PERANG TABUK (p.558-571) | [0.69] PERANG HUNAIN (p.538-551);;;;
Perang Khandaq;Perang Burhan;321-323;[0.74] Perang Burhan (p.321-323) | [0.74] PERANG HUNAIN (p.538-551) | [0.72] PERANG UHUD (p.324-375) | [0.72] Perang Najd (p.385-389) | [0.72] PERANG AHZAB ATAU KHANDAQ (p.390-404);;;;
Perang Riddah;Perang Burhan;321-323;[0.69] Perang Burhan (p.321-323) | [0.69] PERANG MU’TAH (p.502-510) | [0.67] PERANG UHUD (p.324-375) | [0.67] Perang Najd (p.385-389) | [0.65] PERANG BANI QURAIZHAH (p.405-411);;;;
Perang Uhud Jabal;PERANG UHUD;324-375;[0.92] PERANG UHUD (p.324-375) | [0.74] Perang Dumatul Jandal (p.387-389) | [0.67] Perang Burhan (p.321-323) | [0.67] PERANG HUNAIN (p.538-551) | [0.65] Sepak Terjang Abu Jahal (p.287-304);;;;
Perang Bani Al;Perang Bani Nadhir;382-389;[0.81] Perang Bani Nadhir (p.382-389) | [0.81] Perang Bani Lahyan (p.415-418) | [0.76] Perang Bani Qainuqa’ (p.310-323) | [0.74] PERANG BANI QURAIZHAH (p.405-411) | [0.74] Perang Burhan (p.321-323);;;;
Perang Bani Mushthaliq;Perang Bani Nadhir;382-389;[0.70] Perang Bani Nadhir (p.382-389) | [0.70] Perang Bani Lahyan (p.415-418) | [0.70] PERANG BANI QURAIZHAH (p.405-411) | [0.67] Perang Bani Qainuqa’ (p.310-323) | [0.65] Perang As-Sawiq (p.315-323);;;;
Perang Bani Nadhir;Perang Bani Nadhir;382-389;[1.00] Perang Bani Nadhir (p.382-389) | [0.74] Perang Bani Qainuqa’ (p.310-323) | [0.72] Perang Bani Lahyan (p.415-418) | [0.72] PERANG BANI QURAIZHAH (p.405-411) | [0.69] Perang Najd (p.385-389);;;;
Perang Dzul Usyairah;Perang Dumatul Jandal;387-389;[0.63] Perang Dumatul Jandal (p.387-389) | [0.62] Perang Dzatur Riqa’ (p.493-497) | [0.61] PERANG MU’TAH (p.502-510) | [0.61] PERANG HUNAIN (p.538-551) | [0.59] PERANG BADR KUBRA (p.266-304);;;;
Perang Bani Quraizhah;PERANG BANI QURAIZHAH;405-411;[1.00] PERANG BANI QURAIZHAH (p.405-411) | [0.92] MANUVER-MANUVER MILITER SETELAH PERANG BANI QURAIZHAH (p.412-418) | [0.78] Perang Bani Qainuqa’ (p.310-323) | [0.72] Perang Bani Lahyan (p.415-418) | [0.68] PERANG BADR KUBRA (p.266-304);;;;
Perjanjian Hudaibiyah;PERJANJIAN HUDAIBIYAH;433-450;[1.00] PERJANJIAN HUDAIBIYAH (p.433-450) | [0.92] MANUVER MILITER SETELAH PERJANJIAN HUDAIBIYAH (PERANG GHABAH ATAU DZU QARAD) (p.470-472) | [0.62] Perjalanan ke Madinah (p.223-232) | [0.62] PERANG BANI QURAIZHAH (p.405-411) | [0.59] PERMULAAN HIJRAH (p.210-213);;;;
Perang Khaibar;PERANG KHAIBAR DAN WADIL QURA;473-492;[0.92] PERANG KHAIBAR DAN WADIL QURA (p.473-492) | [0.77] Perang Fijar (p.87-93) | [0.76] Berangkat ke Khaibar (p.474-492) | [0.74] PERANG HUNAIN (p.538-551) | [0.74] Perang Tha’if (p.544-551);;;;
Ghazwah Dzatu Qarad;Perang Dzatur Riqa’;493-497;[0.53] Perang Dzatur Riqa’ (p.493-497) | [0.50] AGAMA BANGSA ARAB (p.56-65) | [0.50] Di bawah Asuhan Paman (p.86-93) | [0.48] Wadil Qura (p.490-492) | [0.45] Perang Dumatul Jandal (p.387-389);;;;
Perang Dzatur Riqa';Perang Dzatur Riqa’;493-497;[0.95] Perang Dzatur Riqa’ (p.493-497) | [0.67] PERANG BADR KUBRA (p.266-304) | [0.65] Perang Dumatul Jandal (p.387-389) | [0.62] Perang Burhan (p.321-323) | [0.60] PERANG BANI QURAIZHAH (p.405-411);;;;
Ghazwah Mu'tah;PERANG MU’TAH;502-510;[0.52] PERANG MU’TAH (p.502-510) | [0.43] Wahyu Terputus (p.99-101) | [0.42] Wadil Qura (p.490-492) | [0.42] HAJI WADA’ (p.594-600) | [0.41] Kawanan Pertama (p.106-109);;;;
Perang Mu'tah;PERANG MU’TAH;502-510;[0.92] PERANG MU’TAH (p.502-510) | [0.75] PERANG UHUD (p.324-375) | [0.72] PERANG TABUK (p.558-571) | [0.69] Perang Burhan (p.321-323) | [0.69] PERANG HUNAIN (p.538-551);;;;
Perang Hunain;PERANG HUNAIN;538-551;[1.00] PERANG HUNAIN (p.538-551) | [0.77] Perang Tha’if (p.544-551) | [0.75] PERANG UHUD (p.324-375) | [0.75] Perang Najd (p.385-389) | [0.69] Perang Burhan (p.321-323);;;;
Perang Tha'if;Perang Tha’if;544-551;[0.92] Perang Tha’if (p.544-551) | [0.77] PERANG HUNAIN (p.538-551) | [0.72] PERANG TABUK (p.558-571) | [0.69] Perang Burhan (p.321-323) | [0.69] PERANG MU’TAH (p.502-510);;;;
Perang Abwa';PERANG TABUK;558-571;[0.75] PERANG TABUK (p.558-571) | [0.70] Perang Najd (p.385-389) | [0.69] PERANG BADR KUBRA (p.266-304) | [0.67] Perang Fijar (p.87-93) | [0.67] Perang As-Sawiq (p.315-323);;;;
Perang Tabuk;PERANG TABUK;558-571;[1.00] PERANG TABUK (p.558-571) | [0.72] Perang Burhan (p.321-323) | [0.72] PERANG MU’TAH (p.502-510) | [0.72] Perang Tha’if (p.544-551) | [0.70] PERANG UHUD (p.324-375);;;;
Perang Yarmuk;PERANG TABUK;558-571;[0.80] PERANG TABUK (p.558-571) | [0.72] Perang Fijar (p.87-93) | [0.69] PERANG MU’TAH (p.502-510) | [0.67] PERANG BADR KUBRA (p.266-304) | [0.67] PERANG UHUD (p.324-375);;;;
