node_id;name;label;aliases;chunk_ids;frequency;periode_bab;page_range
801b22c82659;Makkah;LOCATION;;000002-002 | 000002-003 | 000002-005 | 000002-006 | 000002-009 | 000002-012 | 000007-001 | 000007-002 | 000007-003 | 000007-004 | 000007-005 | 000007-006 | 000007-007 | 000010-001 | 000010-002 | 000010-010 | 000010-014 | 000017-001 | 000017-002 | 000017-003 | 000017-004 | 000017-005 | 000017-006 | 000017-007 | 000017-011 | 000017-012 | 000018-001 | 000019-002 | 000019-003 | 000019-006 | 000020-001 | 000021-001 | 000021-002 | 000023-001 | 000026-001 | 000027-001 | 000028-001 | 000029-001 | 000030-002 | 000030-003 | 000031-001 | 000032-006 | 000032-007 | 000032-008 | 000032-009 | 000037-001 | 000038-001 | 000039-003 | 000045-001 | 000049-009 | 000049-010 | 000049-011 | 000051-001 | 000051-005 | 000051-006 | 000055-001 | 000055-002 | 000057-007 | 000060-001 | 000062-001 | 000063-003 | 000063-005 | 000067-001 | 000068-001 | 000071-003 | 000071-004 | 000074-001 | 000074-002 | 000074-003 | 000075-001 | 000075-004 | 000075-005 | 000075-008 | 000075-009 | 000075-010 | 000076-001 | 000077-002 | 000078-001 | 000078-002 | 000078-003 | 000078-004 | 000078-006 | 000078-009 | 000079-001 | 000080-006 | 000080-010 | 000081-001 | 000081-002 | 000083-007 | 000084-001 | 000088-003 | 000088-005 | 000088-006 | 000089-001 | 000089-003 | 000089-004 | 000089-005 | 000089-006 | 000090-001 | 000090-002 | 000090-005 | 000090-006 | 000092-001 | 000094-001 | 000095-002 | 000095-003 | 000096-002 | 000096-003 | 000096-009 | 000097-001 | 000097-003 | 000098-002 | 000098-003 | 000101-001 | 000103-008 | 000103-009 | 000110-001 | 000111-001 | 000113-001 | 000114-001 | 000114-006 | 000114-011 | 000115-001 | 000117-001 | 000118-001 | 000119-001 | 000121-001 | 000122-001 | 000123-001 | 000125-001 | 000126-001 | 000126-002 | 000126-003 | 000127-001 | 000129-002 | 000137-005 | 000138-002 | 000138-003 | 000138-004 | 000140-001 | 000140-004 | 000144-004 | 000146-002 | 000147-001 | 000148-001 | 000148-004 | 000153-002 | 000155-001 | 000155-002 | 000157-001 | 000157-002 | 000158-001 | 000159-001 | 000160-001 | 000161-001 | 000163-001 | 000164-001 | 000171-001 | 000172-001 | 000172-002 | 000177-002 | 000193-001 | 000193-002 | 000195-001 | 000198-001 | 000198-002 | 000198-003 | 000206-004 | 000206-006 | 000206-008 | 000212-002 | 000212-003 | 000212-004 | 000214-001 | 000216-001 | 000216-002 | 000218-001 | 000218-025 | 000221-002 | 000222-001 | 000223-003 | 000227-002 | 000227-003 | 000228-001 | 000229-001 | 000230-001 | 000231-001 | 000234-001 | 000235-001 | 000235-002 | 000236-001 | 000237-001 | 000238-001 | 000241-002 | 000241-003 | 000241-004 | 000243-001 | 000243-002 | 000243-003 | 000244-001 | 000247-001 | 000252-001 | 000284-001 | 000284-005 | 000285-001 | 000285-002 | 000285-003 | 000285-004 | 000285-005 | 000299-002 | 000299-003 | 000300-001 | 000300-002 | 000301-001 | 000301-002 | 000302-001 | 000304-001 | 000305-001 | 000306-001 | 000307-001 | 000308-001 | 000314-001 | 000314-002 | 000315-001 | 000316-001 | 000317-001 | 000318-001 | 000319-001 | 000320-001 | 000320-002 | 000320-004 | 000320-005 | 000321-001 | 000322-001 | 000323-001 | 000326-001 | 000333-001 | 000336-001 | 000338-001 | 000339-003 | 000340-001 | 000345-001 | 000351-001 | 000355-006 | 000356-001 | 000356-002 | 000357-001 | 000357-002 | 000357-004 | 000357-006 | 000357-013 | 000357-023 | 000359-001 | 000359-002 | 000359-003 | 000359-007 | 000375-001 | 000388-013;413;;
55ffd15c2ec3;Madinah;LOCATION;;000002-002 | 000002-012 | 000017-001 | 000017-004 | 000017-011 | 000020-001 | 000037-001 | 000078-001 | 000079-002 | 000079-003 | 000088-005 | 000089-001 | 000089-002 | 000089-003 | 000089-004 | 000089-006 | 000090-001 | 000090-006 | 000094-001 | 000096-001 | 000096-003 | 000097-001 | 000097-002 | 000097-003 | 000098-001 | 000098-002 | 000098-003 | 000099-001 | 000100-001 | 000101-001 | 000101-003 | 000101-004 | 000102-001 | 000103-003 | 000103-005 | 000103-007 | 000103-008 | 000103-009 | 000103-010 | 000105-002 | 000106-002 | 000108-001 | 000109-001 | 000109-002 | 000109-003 | 000110-001 | 000112-001 | 000112-002 | 000113-001 | 000113-002 | 000114-001 | 000114-003 | 000114-004 | 000114-005 | 000114-007 | 000114-010 | 000115-001 | 000115-002 | 000116-001 | 000117-001 | 000121-001 | 000123-001 | 000125-001 | 000129-001 | 000131-002 | 000141-001 | 000141-002 | 000142-002 | 000143-001 | 000143-002 | 000144-001 | 000144-003 | 000144-004 | 000146-001 | 000146-002 | 000147-001 | 000148-001 | 000148-002 | 000150-003 | 000151-001 | 000151-002 | 000151-003 | 000152-001 | 000152-002 | 000153-001 | 000153-002 | 000154-001 | 000155-001 | 000155-002 | 000155-008 | 000156-001 | 000157-002 | 000160-001 | 000161-001 | 000162-001 | 000163-001 | 000164-001 | 000164-002 | 000164-003 | 000165-001 | 000165-002 | 000167-001 | 000168-001 | 000172-001 | 000185-001 | 000196-002 | 000198-003 | 000200-001 | 000202-001 | 000203-001 | 000205-001 | 000206-001 | 000206-002 | 000206-003 | 000206-004 | 000206-005 | 000206-006 | 000206-008 | 000209-001 | 000210-001 | 000211-001 | 000213-003 | 000213-004 | 000214-001 | 000214-002 | 000214-003 | 000214-005 | 000214-006 | 000215-001 | 000215-002 | 000216-001 | 000216-002 | 000217-001 | 000217-002 | 000218-002 | 000218-003 | 000218-007 | 000218-008 | 000218-009 | 000218-019 | 000218-020 | 000218-021 | 000218-025 | 000218-026 | 000219-001 | 000219-006 | 000219-007 | 000221-001 | 000222-001 | 000222-002 | 000223-001 | 000223-002 | 000223-003 | 000223-004 | 000223-005 | 000224-002 | 000225-001 | 000225-004 | 000226-001 | 000226-002 | 000226-003 | 000226-004 | 000226-006 | 000226-007 | 000226-008 | 000226-010 | 000227-003 | 000228-001 | 000237-001 | 000241-004 | 000243-001 | 000243-003 | 000244-001 | 000245-001 | 000249-002 | 000255-004 | 000256-001 | 000258-001 | 000260-001 | 000274-002 | 000276-001 | 000276-002 | 000282-001 | 000283-001 | 000284-001 | 000284-002 | 000284-006 | 000284-007 | 000284-008 | 000285-001 | 000293-001 | 000296-001 | 000296-002 | 000296-003 | 000299-002 | 000300-001 | 000300-002 | 000302-001 | 000314-001 | 000314-002 | 000336-001 | 000337-001 | 000338-001 | 000339-001 | 000339-002 | 000339-004 | 000342-001 | 000343-001 | 000344-001 | 000346-001 | 000347-001 | 000349-001 | 000349-002 | 000350-001 | 000350-002 | 000350-004 | 000351-001 | 000352-001 | 000355-003 | 000356-002 | 000357-001 | 000357-002 | 000357-004 | 000357-006 | 000357-007 | 000357-008 | 000357-011 | 000357-014 | 000357-019 | 000357-020 | 000357-021 | 000357-023 | 000359-001 | 000359-010 | 000360-002 | 000370-001 | 000372-001 | 000377-001 | 000385-001 | 000387-001 | 000388-003 | 000388-013;403;;
322545c4eb51;Ka'bah;LOCATION;Baitullah;000002-008 | 000004-003 | 000007-001 | 000007-002 | 000007-004 | 000007-005 | 000007-006 | 000007-007 | 000009-002 | 000010-001 | 000010-002 | 000010-009 | 000010-010 | 000010-014 | 000015-004 | 000017-004 | 000017-005 | 000017-006 | 000017-007 | 000017-008 | 000017-010 | 000018-001 | 000021-001 | 000023-001 | 000029-001 | 000029-002 | 000029-003 | 000029-004 | 000030-003 | 000038-001 | 000048-006 | 000049-003 | 000049-004 | 000049-005 | 000055-003 | 000055-004 | 000055-005 | 000056-001 | 000057-002 | 000057-011 | 000061-001 | 000063-003 | 000063-005 | 000074-005 | 000075-001 | 000078-007 | 000095-003 | 000103-008 | 000111-001 | 000213-002 | 000228-001 | 000235-002 | 000242-002 | 000305-002 | 000309-001 | 000310-001 | 000311-001 | 000312-001 | 000314-001 | 000320-004 | 000339-007 | 000359-003 | 000359-007 | 000359-010;108;;
3a50ca3b3122;Syam;LOCATION;;000001-001 | 000002-001 | 000002-002 | 000002-003 | 000002-009 | 000005-001 | 000005-002 | 000006-001 | 000007-001 | 000007-004 | 000009-001 | 000009-002 | 000010-001 | 000010-014 | 000014-001 | 000017-001 | 000017-002 | 000017-011 | 000018-001 | 000024-001 | 000024-002 | 000027-001 | 000028-001 | 000055-001 | 000055-002 | 000071-003 | 000090-001 | 000096-010 | 000113-001 | 000114-002 | 000114-005 | 000114-010 | 000115-001 | 000147-001 | 000152-002 | 000157-001 | 000157-002 | 000214-006 | 000217-001 | 000217-002 | 000222-001 | 000243-003 | 000248-003 | 000250-001 | 000250-002 | 000262-001 | 000286-001 | 000287-001 | 000289-002 | 000294-002 | 000296-001 | 000339-004 | 000339-005 | 000343-001 | 000346-001 | 000346-002 | 000348-002 | 000355-002 | 000357-002 | 000357-006;81;;
109a89ed4a56;Khaibar;LOCATION;;000002-012 | 000010-012 | 000105-001 | 000214-006 | 000215-002 | 000218-001 | 000220-001 | 000227-001 | 000245-001 | 000246-001 | 000247-005 | 000255-004 | 000256-001 | 000257-001 | 000259-001 | 000260-001 | 000261-001 | 000262-001 | 000263-001 | 000263-002 | 000264-001 | 000264-002 | 000265-001 | 000265-002 | 000266-001 | 000267-001 | 000270-002 | 000272-001 | 000273-001 | 000274-001 | 000274-002 | 000275-001 | 000277-001 | 000278-001 | 000279-001 | 000280-001 | 000281-001 | 000283-001 | 000284-001 | 000284-007 | 000284-008 | 000357-002 | 000368-002 | 000384-001;75;;
32aa06008609;Yaman;LOCATION;;000002-001 | 000002-002 | 000002-004 | 000002-006 | 000002-009 | 000004-001 | 000004-002 | 000004-003 | 000004-004 | 000007-001 | 000007-002 | 000010-012 | 000010-013 | 000010-014 | 000014-001 | 000017-003 | 000017-006 | 000017-008 | 000017-009 | 000078-006 | 000078-009 | 000094-001 | 000096-002 | 000218-007 | 000249-002 | 000275-001 | 000284-008 | 000293-001 | 000314-001 | 000315-001 | 000316-002 | 000357-003 | 000357-011 | 000357-013 | 000357-018 | 000357-019 | 000357-021 | 000357-023 | 000359-001;58;;
9b40a7be3792;Habasyah;LOCATION;;000004-002 | 000004-003 | 000004-004 | 000009-002 | 000010-013 | 000010-014 | 000017-008 | 000041-001 | 000051-002 | 000051-003 | 000051-005 | 000051-006 | 000067-001 | 000068-001 | 000074-003 | 000089-006 | 000157-001 | 000157-002 | 000158-002 | 000175-002 | 000177-001 | 000241-004 | 000244-001 | 000247-001 | 000247-002 | 000247-005 | 000275-001 | 000339-003 | 000383-001;45;;
8388f302e313;Jazirah Arab;LOCATION;;000001-001 | 000001-002 | 000002-011 | 000002-012 | 000008-001 | 000009-001 | 000009-002 | 000010-011 | 000010-012 | 000012-001 | 000014-001 | 000015-004 | 000047-001 | 000103-008 | 000114-001 | 000187-004 | 000218-001 | 000227-005 | 000228-001 | 000241-001 | 000245-001 | 000320-004 | 000320-005 | 000321-001 | 000340-001 | 000348-001 | 000351-001 | 000354-001 | 000357-021 | 000358-002 | 000358-003 | 000358-005 | 000365-001;41;;
e0180ee04b12;Yatsrib;LOCATION;Yastrib;000010-012 | 000010-013 | 000017-002 | 000020-001 | 000071-003 | 000078-001 | 000078-002 | 000078-003 | 000079-001 | 000079-002 | 000081-001 | 000082-001 | 000083-001 | 000083-007 | 000084-001 | 000088-003 | 000088-004 | 000088-005 | 000088-006 | 000090-002 | 000098-001 | 000103-004 | 000107-001 | 000109-002 | 000112-001 | 000114-001 | 000121-001 | 000129-001 | 000129-002 | 000218-019 | 000285-002;40;;
016114bfe6fc;Badr;LOCATION;;000114-004 | 000114-010 | 000115-002 | 000117-001 | 000120-001 | 000121-001 | 000122-001 | 000124-004 | 000126-001 | 000127-001 | 000129-001 | 000139-001 | 000140-001 | 000141-002 | 000142-001 | 000142-002 | 000143-001 | 000145-003 | 000148-004 | 000151-001 | 000155-001 | 000155-002 | 000198-002 | 000216-001 | 000216-002 | 000217-001;32;;
6f846f6354c3;Masjidil Haram;LOCATION;;000010-002 | 000049-008 | 000051-003 | 000051-004 | 000057-010 | 000058-001 | 000075-009 | 000075-010 | 000080-002 | 000114-008 | 000114-011 | 000114-014 | 000228-001 | 000229-001 | 000230-001 | 000232-001 | 000233-001 | 000237-002 | 000237-003 | 000241-003 | 000242-001 | 000304-004 | 000359-003 | 000388-013;28;;
b66ce3e21f12;Tha'if;LOCATION;Thaif;000002-012 | 000010-001 | 000067-001 | 000075-001 | 000075-002 | 000075-008 | 000075-011 | 000090-001 | 000114-006 | 000330-001 | 000332-001 | 000332-002 | 000333-001 | 000357-010;26;;
47bd433ebab8;Hijaz;LOCATION;;000002-002 | 000002-003 | 000002-005 | 000002-009 | 000004-002 | 000009-002 | 000010-001 | 000010-002 | 000010-012 | 000103-001 | 000156-001 | 000212-001 | 000220-003 | 000222-001 | 000249-002 | 000289-002;23;;
521bcee2814b;Najd;LOCATION;;000002-003 | 000007-003 | 000090-003 | 000090-004 | 000090-005 | 000090-006 | 000147-001 | 000213-001 | 000215-001 | 000215-002 | 000218-008 | 000219-010 | 000219-011 | 000221-001 | 000257-001 | 000283-001 | 000284-001 | 000297-001;20;;
ee82075a69d8;Aqabah;LOCATION;;000007-003 | 000024-001 | 000075-005 | 000079-001 | 000080-011 | 000081-001 | 000081-002 | 000084-001 | 000084-002 | 000088-002 | 000088-005 | 000088-006 | 000359-006 | 000361-001;18;;
3dbe05a852bc;Tabuk;LOCATION;;000347-001 | 000347-002 | 000347-003 | 000348-001 | 000348-003 | 000349-001 | 000349-002 | 000352-001 | 000353-001 | 000357-007;18;;
9c2396d40256;Irak;LOCATION;;000001-001 | 000002-004 | 000005-001 | 000005-002 | 000007-003 | 000009-001 | 000009-002 | 000010-014 | 000010-015 | 000125-001 | 000157-002 | 000355-002;17;;
9dc590308045;Uhud;LOCATION;;000144-003 | 000163-001 | 000168-001 | 000177-001 | 000184-001 | 000185-002 | 000185-003 | 000200-001 | 000208-002 | 000218-008 | 000218-014 | 000320-004 | 000349-001 | 000361-001;17;;
8c5641573698;Zamzam;LOCATION;;000002-005 | 000002-006 | 000002-008 | 000007-002 | 000017-005 | 000019-006 | 000078-004 | 000140-002 | 000140-003 | 000359-007;16;;
7e2cfbda530c;Shafa;LOCATION;;000007-002 | 000044-001 | 000049-002 | 000050-002 | 000056-001 | 000057-006 | 000285-003 | 000285-006 | 000307-001 | 000308-001 | 000317-001 | 000318-001 | 000359-003;16;;
d3ab151448a8;Mina;LOCATION;;000007-002 | 000007-003 | 000017-007 | 000079-001 | 000081-001 | 000081-002 | 000084-001 | 000088-003 | 000359-003 | 000359-006 | 000359-009 | 000359-010 | 000360-001;15;;
c9eb58282d7f;Najran;LOCATION;;000004-003 | 000010-013 | 000338-001 | 000357-013 | 000357-015 | 000357-017;11;;
73324ed1f7f0;Baitul Maqdis;LOCATION;;000017-008 | 000079-003 | 000080-002 | 000080-007 | 000080-010 | 000105-001 | 000114-014 | 000250-002 | 000286-001;10;;
8b4bb7941d5a;Palestina;LOCATION;;000002-004 | 000002-005 | 000002-008 | 000010-012 | 000017-002 | 000357-003 | 000360-001;9;;
4a59c0abf585;Persia;LOCATION;Persi;000004-003 | 000004-004 | 000005-001 | 000218-007 | 000245-002 | 000249-001 | 000249-002 | 000355-002;9;;
f615af955240;Arafah;LOCATION;;000007-002 | 000007-003 | 000010-009 | 000010-010 | 000323-001 | 000359-003;8;;
90cc0e2d25da;Hunain;LOCATION;;000323-001 | 000326-001 | 000327-001 | 000330-001 | 000332-001;8;;
e872f75feba8;Muzdalifah;LOCATION;;000007-002 | 000007-003 | 000010-009 | 000010-010 | 000017-007 | 000359-006;7;;
45705697dcc0;Gua Hira';LOCATION;Gua Hira;000031-001 | 000032-001 | 000032-003 | 000032-007 | 000034-001 | 000035-002;7;;
96284d31b341;Hudaibiyah;LOCATION;;000231-001 | 000232-001 | 000240-001 | 000246-001 | 000338-001 | 000385-007;7;;
c363b4a5e668;Marwah;LOCATION;;000285-003 | 000285-004 | 000285-006 | 000359-003;7;;
e6e4844c70a6;Mesir;LOCATION;;000002-002 | 000002-004 | 000002-009 | 000004-002 | 000248-001;6;;
37df454de2e0;Tihamah;LOCATION;;000002-003 | 000002-012 | 000010-002 | 000158-002 | 000218-002 | 000333-002;6;;
bf1727d5e7c0;Eufrat;LOCATION;;000002-004 | 000002-012 | 000005-001 | 000080-005 | 000080-006;6;;
7312f9f89d0c;Laut Merah;LOCATION;;000001-001 | 000010-001 | 000090-001 | 000096-002 | 000327-001;5;;
87dc068bb5a3;Dzul Hulaifah;LOCATION;;000229-001 | 000243-001 | 000285-001 | 000359-001 | 000359-002;5;;
4b562369be3a;Wadi Nakhlah;LOCATION;;000010-001 | 000075-006;4;;
272047670c43;Baitul-Haram;LOCATION;;000010-010 | 000051-003 | 000057-002 | 000057-011;4;;
0e70252fca2b;Ukazh;LOCATION;;000014-001 | 000047-004 | 000074-004 | 000206-004;4;;
99fd85513b40;Bahrain;LOCATION;;000002-003 | 000251-001;3;;
7d6e8357966f;Hadhramaut;LOCATION;Hadramaut;000002-003 | 000074-005 | 000338-001;3;;
ef682b9acbd6;Qudaid;LOCATION;;000010-001 | 000096-002 | 000224-003;3;;
1b6884b3d278;Dzil-Majaz;LOCATION;Dzil- Majaz;000014-001 | 000074-004 | 000193-002;3;;
adc10b0fd910;Sidratul Muntaha;LOCATION;;000080-003 | 000080-005;3;;
5fe91c810e55;Nil;LOCATION;;000080-005 | 000080-006;3;;
8d5ae16d1b23;Jabal Nur;LOCATION;;000031-001 | 000035-002;2;;
4e53ac054822;Khandaq;LOCATION;;000218-025 | 000218-026;2;;
4270ed7988bb;Dzu Thuwa;LOCATION;Dzu Thuwa';000307-001 | 000359-002;2;;
312a9e675fa8;India;LOCATION;;000001-002;1;;
914480ee90a6;Cina;LOCATION;;000001-002;1;;
62452f849de7;Kalb;LOCATION;;000005-003;1;;
43707202c618;Iraq;LOCATION;;000009-002;1;;
50cb66dad377;Arab Saudi;LOCATION;;000009-002;1;;
b949970a7766;Babilon;LOCATION;;000010-012;1;;
ba15993ceb6a;Babilonia;LOCATION;;000010-012;1;;
0e19cc56e38d;Majinnah;LOCATION;;000014-001;1;;
602158e6263c;Bukhtanashar;LOCATION;;000017-008;1;;
c897991d3fd3;Al-Baitul-Ma'mur;LOCATION;;000080-003;1;;
cc52175452bc;Gua Tsur;LOCATION;;000090-006;1;;
a88e67768555;Al-Kudr;LOCATION;;000147-001;1;;
83178577bef6;Al-Asyraf;LOCATION;;000155-005;1;;
c0859ce7bcc4;Jabal Uhud;LOCATION;;000157-003;1;;
2cd49c4aa3ca;Judzam;LOCATION;;000296-003;1;;
ad935a49f586;Dzul Marwah;LOCATION;;000301-001;1;;
ec92e4cc4d49;Al-Jurf;LOCATION;;000360-002;1;;
40f7d544302e;Hijir;LOCATION;;000055-003;1;;
baef32bbe671;Hajar Aswad;LOCATION;;000055-003;1;;
a284985b934b;Ash-Shafra;LOCATION;;000131-002;1;;
52e2ef12db40;Al-Uraidh;LOCATION;;000153-001;1;;
202cc8e00364;Kaba;LOCATION;;000185-004;1;;
5f2492578f3a;Sarif;LOCATION;;000193-002;1;;
32fbc5b5ee77;Iskandaria;LOCATION;;000248-001;1;;
97209ed80cb8;Qada;LOCATION;;000307-001;1;;
22521fc9811f;Balqa;LOCATION;;000343-001;1;;
48f98905d5c8;Muhammad;PERSON;Muhammad bin Abdullah | Rasululah | Rasulullah;000000-001 | 000002-005 | 000002-011 | 000005-004 | 000007-009 | 000010-002 | 000013-003 | 000013-004 | 000016-001 | 000016-002 | 000017-009 | 000017-012 | 000018-001 | 000018-002 | 000019-001 | 000019-002 | 000019-003 | 000019-006 | 000020-001 | 000021-001 | 000021-002 | 000024-001 | 000025-001 | 000026-001 | 000027-001 | 000028-001 | 000028-002 | 000029-001 | 000029-002 | 000029-003 | 000030-002 | 000031-001 | 000031-002 | 000032-003 | 000032-004 | 000032-005 | 000032-006 | 000032-007 | 000032-008 | 000032-009 | 000033-001 | 000034-001 | 000036-003 | 000036-004 | 000037-001 | 000039-001 | 000039-003 | 000040-001 | 000041-001 | 000042-001 | 000043-001 | 000044-002 | 000045-001 | 000046-001 | 000047-001 | 000047-004 | 000048-001 | 000048-002 | 000048-003 | 000048-004 | 000048-005 | 000048-006 | 000049-001 | 000049-002 | 000049-003 | 000049-004 | 000049-005 | 000049-006 | 000049-007 | 000049-008 | 000049-009 | 000049-011 | 000049-012 | 000050-001 | 000050-002 | 000051-002 | 000051-003 | 000051-005 | 000051-006 | 000052-007 | 000053-001 | 000054-001 | 000055-001 | 000055-002 | 000055-003 | 000056-001 | 000057-002 | 000057-003 | 000057-004 | 000057-005 | 000057-006 | 000057-007 | 000057-008 | 000057-010 | 000057-011 | 000058-001 | 000058-003 | 000059-001 | 000060-001 | 000061-001 | 000062-001 | 000062-002 | 000063-004 | 000064-001 | 000064-002 | 000064-004 | 000064-005 | 000065-002 | 000066-001 | 000067-001 | 000068-001 | 000071-001 | 000071-002 | 000071-003 | 000071-004 | 000071-005 | 000071-006 | 000074-002 | 000074-004 | 000075-001 | 000075-002 | 000075-004 | 000075-005 | 000075-006 | 000075-007 | 000075-009 | 000075-010 | 000076-001 | 000077-001 | 000078-001 | 000078-003 | 000078-005 | 000078-009 | 000079-001 | 000079-003 | 000080-002 | 000080-007 | 000080-010 | 000080-011 | 000081-001 | 000081-002 | 000084-001 | 000084-002 | 000085-001 | 000086-001 | 000086-002 | 000087-001 | 000088-001 | 000088-002 | 000089-001 | 000089-003 | 000089-005 | 000089-006 | 000090-001 | 000090-002 | 000090-003 | 000090-005 | 000091-001 | 000092-001 | 000092-002 | 000093-001 | 000093-002 | 000094-001 | 000095-001 | 000095-002 | 000095-003 | 000096-001 | 000096-002 | 000096-003 | 000096-004 | 000096-005 | 000096-006 | 000096-007 | 000096-009 | 000096-010 | 000097-001 | 000097-002 | 000097-003 | 000098-001 | 000098-002 | 000098-003 | 000099-001 | 000100-001 | 000101-002 | 000101-003 | 000102-001 | 000102-002 | 000103-003 | 000103-004 | 000103-005 | 000103-006 | 000103-007 | 000103-008 | 000103-009 | 000104-001 | 000105-001 | 000106-001 | 000106-002 | 000106-003 | 000107-001 | 000107-002 | 000108-001 | 000108-004 | 000108-005 | 000109-002 | 000109-003 | 000110-001 | 000110-002 | 000112-001 | 000112-002 | 000113-001 | 000113-002 | 000114-002 | 000114-003 | 000114-004 | 000114-005 | 000114-006 | 000114-007 | 000114-009 | 000114-012 | 000114-013 | 000115-001 | 000115-002 | 000116-001 | 000117-001 | 000118-001 | 000119-001 | 000120-001 | 000123-001 | 000124-001 | 000124-002 | 000124-003 | 000124-004 | 000125-001 | 000126-001 | 000126-002 | 000127-001 | 000127-002 | 000128-001 | 000129-001 | 000129-003 | 000129-004 | 000130-001 | 000131-002 | 000132-001 | 000132-002 | 000133-001 | 000134-001 | 000134-002 | 000134-003 | 000137-001 | 000137-002 | 000137-003 | 000137-004 | 000137-005 | 000138-001 | 000138-002 | 000138-005 | 000138-006 | 000138-007 | 000139-001 | 000139-002 | 000140-001 | 000141-001 | 000141-002 | 000142-001 | 000142-002 | 000142-003 | 000143-001 | 000144-001 | 000144-003 | 000144-004 | 000147-001 | 000148-002 | 000148-003 | 000149-001 | 000150-002 | 000150-003 | 000151-001 | 000151-002 | 000151-003 | 000152-001 | 000152-002 | 000153-001 | 000153-002 | 000154-001 | 000155-001 | 000155-002 | 000155-003 | 000155-004 | 000155-005 | 000155-007 | 000155-008 | 000156-001 | 000157-001 | 000157-003 | 000158-001 | 000158-002 | 000162-001 | 000163-001 | 000164-001 | 000164-002 | 000164-003 | 000165-001 | 000165-002 | 000166-001 | 000166-002 | 000168-001 | 000169-001 | 000169-002 | 000169-003 | 000170-001 | 000171-001 | 000171-002 | 000172-001 | 000176-001 | 000176-002 | 000177-001 | 000180-001 | 000182-001 | 000182-002 | 000184-001 | 000185-002 | 000185-003 | 000185-004 | 000186-001 | 000187-001 | 000187-002 | 000187-003 | 000187-004 | 000187-005 | 000187-006 | 000188-001 | 000188-002 | 000189-001 | 000190-001 | 000190-002 | 000190-003 | 000190-004 | 000191-001 | 000192-001 | 000192-002 | 000193-001 | 000193-002 | 000194-001 | 000196-002 | 000197-001 | 000198-001 | 000198-002 | 000198-003 | 000199-001 | 000199-002 | 000199-003 | 000200-001 | 000200-002 | 000200-003 | 000201-001 | 000202-001 | 000202-002 | 000203-001 | 000205-001 | 000206-001 | 000206-002 | 000206-003 | 000206-004 | 000206-005 | 000206-006 | 000206-008 | 000208-001 | 000209-001 | 000209-002 | 000210-001 | 000211-001 | 000212-001 | 000212-003 | 000213-001 | 000213-002 | 000213-003 | 000214-002 | 000214-003 | 000214-005 | 000214-006 | 000214-007 | 000215-001 | 000215-002 | 000216-001 | 000217-001 | 000217-002 | 000218-001 | 000218-002 | 000218-003 | 000218-004 | 000218-005 | 000218-006 | 000218-007 | 000218-008 | 000218-011 | 000218-014 | 000218-015 | 000218-016 | 000218-017 | 000218-018 | 000218-019 | 000218-020 | 000218-021 | 000218-022 | 000218-023 | 000218-024 | 000218-025 | 000218-026 | 000219-001 | 000219-002 | 000219-003 | 000219-004 | 000219-005 | 000219-006 | 000219-007 | 000219-008 | 000219-009 | 000219-010 | 000219-011 | 000219-012 | 000219-013 | 000220-001 | 000220-004 | 000221-001 | 000221-002 | 000223-001 | 000223-002 | 000223-003 | 000223-004 | 000224-001 | 000224-002 | 000224-003 | 000224-004 | 000225-001 | 000225-002 | 000225-003 | 000225-004 | 000225-005 | 000226-001 | 000226-002 | 000226-003 | 000226-004 | 000226-005 | 000226-006 | 000226-007 | 000226-008 | 000226-009 | 000226-010 | 000226-011 | 000227-001 | 000227-002 | 000228-001 | 000229-001 | 000230-001 | 000231-001 | 000231-002 | 000232-001 | 000232-002 | 000233-001 | 000233-002 | 000233-003 | 000235-001 | 000235-002 | 000236-001 | 000236-002 | 000237-001 | 000237-002 | 000237-003 | 000238-001 | 000239-001 | 000241-004 | 000242-001 | 000242-002 | 000245-002 | 000246-001 | 000247-001 | 000247-002 | 000247-004 | 000248-001 | 000248-003 | 000249-001 | 000249-002 | 000249-003 | 000250-001 | 000250-002 | 000250-006 | 000250-007 | 000251-001 | 000252-001 | 000252-002 | 000253-001 | 000254-001 | 000254-002 | 000254-003 | 000254-004 | 000254-005 | 000254-006 | 000254-007 | 000255-001 | 000255-002 | 000255-003 | 000255-004 | 000258-001 | 000260-001 | 000261-001 | 000262-001 | 000262-002 | 000263-001 | 000264-001 | 000265-001 | 000266-002 | 000267-001 | 000267-002 | 000268-001 | 000270-001 | 000271-001 | 000272-001 | 000273-001 | 000273-002 | 000274-001 | 000274-002 | 000275-001 | 000276-001 | 000277-001 | 000279-001 | 000280-001 | 000280-002 | 000281-001 | 000282-001 | 000284-001 | 000284-002 | 000284-003 | 000284-004 | 000284-006 | 000284-009 | 000285-001 | 000285-004 | 000286-001 | 000287-001 | 000288-001 | 000289-001 | 000290-001 | 000292-001 | 000293-001 | 000296-001 | 000296-002 | 000297-001 | 000299-001 | 000299-002 | 000299-003 | 000300-001 | 000300-002 | 000300-003 | 000300-004 | 000301-001 | 000301-002 | 000301-003 | 000301-004 | 000302-001 | 000302-002 | 000303-001 | 000304-001 | 000304-002 | 000304-003 | 000304-004 | 000305-001 | 000305-002 | 000306-001 | 000306-002 | 000307-001 | 000308-001 | 000309-001 | 000311-001 | 000312-001 | 000313-001 | 000314-001 | 000314-002 | 000315-001 | 000316-001 | 000316-002 | 000317-001 | 000318-001 | 000318-002 | 000319-001 | 000320-001 | 000320-002 | 000320-003 | 000320-006 | 000321-001 | 000325-001 | 000326-001 | 000326-002 | 000327-001 | 000327-002 | 000328-001 | 000331-001 | 000332-001 | 000332-002 | 000332-003 | 000332-004 | 000333-001 | 000333-002 | 000334-001 | 000334-002 | 000334-003 | 000334-004 | 000335-001 | 000335-002 | 000336-001 | 000337-001 | 000338-001 | 000339-001 | 000339-002 | 000339-004 | 000339-005 | 000339-006 | 000340-001 | 000341-001 | 000342-002 | 000342-003 | 000344-001 | 000345-001 | 000346-001 | 000346-002 | 000347-001 | 000347-002 | 000347-003 | 000348-001 | 000348-002 | 000349-001 | 000350-001 | 000350-002 | 000350-004 | 000351-001 | 000353-001 | 000354-001 | 000355-001 | 000355-003 | 000355-005 | 000356-001 | 000356-002 | 000357-001 | 000357-002 | 000357-003 | 000357-004 | 000357-005 | 000357-006 | 000357-007 | 000357-008 | 000357-009 | 000357-010 | 000357-011 | 000357-012 | 000357-014 | 000357-015 | 000357-016 | 000357-017 | 000357-018 | 000357-020 | 000358-001 | 000358-002 | 000358-003 | 000359-001 | 000359-005 | 000359-006 | 000359-009 | 000360-001 | 000360-002 | 000361-001 | 000362-001 | 000363-001 | 000364-001 | 000364-003 | 000365-001 | 000365-002 | 000368-001 | 000368-002 | 000369-001 | 000370-001 | 000371-001 | 000372-001 | 000373-001 | 000373-002 | 000375-001 | 000376-001 | 000377-001 | 000378-001 | 000379-001 | 000380-001 | 000381-001 | 000382-001 | 000383-001 | 000384-001 | 000385-001 | 000385-002 | 000385-003 | 000385-004 | 000385-005 | 000385-006 | 000385-007 | 000385-008 | 000385-009 | 000385-010 | 000387-001 | 000387-002 | 000387-003 | 000387-005 | 000387-006 | 000388-001 | 000388-002 | 000388-003 | 000388-007 | 000388-012 | 000388-013;1389;;
01b9ae2c58f6;Umar bin Al-Khaththab;PERSON;Ibnul Khaththab | Uamr bin Al-Khaththab | Umar | Umar bin Al-Kahththab | Umar bin Al-Kaththab | Umar bin Al-Khathab;000006-001 | 000049-013 | 000055-001 | 000057-001 | 000057-002 | 000057-003 | 000057-004 | 000057-005 | 000057-006 | 000057-007 | 000057-008 | 000057-009 | 000057-010 | 000057-011 | 000058-001 | 000058-002 | 000059-001 | 000060-001 | 000064-001 | 000089-003 | 000089-004 | 000089-006 | 000124-001 | 000138-002 | 000138-005 | 000139-002 | 000144-001 | 000144-003 | 000144-004 | 000148-002 | 000170-001 | 000178-001 | 000185-004 | 000188-002 | 000194-001 | 000196-002 | 000198-001 | 000198-002 | 000212-004 | 000214-002 | 000218-011 | 000226-001 | 000226-002 | 000226-010 | 000226-011 | 000235-001 | 000236-002 | 000237-003 | 000238-002 | 000240-002 | 000242-001 | 000242-002 | 000242-003 | 000243-002 | 000262-002 | 000274-002 | 000284-006 | 000284-007 | 000285-003 | 000300-002 | 000300-003 | 000300-004 | 000301-004 | 000303-001 | 000304-002 | 000304-003 | 000318-001 | 000318-002 | 000332-003 | 000342-001 | 000346-003 | 000353-001 | 000359-004 | 000359-005 | 000365-001 | 000371-001 | 000372-001 | 000372-002 | 000385-002 | 000385-008;186;;
39ac13982da7;Abu Sufyan bin Harb;PERSON;Abu Sofy | Abu Sofyan | Abu Sufy | Abu Sufyan;000049-003 | 000064-002 | 000071-001 | 000071-003 | 000090-002 | 000090-003 | 000114-002 | 000115-001 | 000118-001 | 000120-001 | 000121-001 | 000123-001 | 000126-001 | 000140-002 | 000144-004 | 000153-001 | 000153-002 | 000155-002 | 000158-001 | 000158-003 | 000159-001 | 000163-001 | 000171-001 | 000171-002 | 000172-001 | 000173-001 | 000179-001 | 000185-002 | 000194-001 | 000198-001 | 000198-002 | 000206-002 | 000206-003 | 000206-004 | 000206-005 | 000206-008 | 000212-003 | 000215-002 | 000216-001 | 000218-002 | 000227-003 | 000227-004 | 000250-001 | 000250-002 | 000250-003 | 000250-004 | 000250-006 | 000300-001 | 000300-002 | 000300-003 | 000300-004 | 000301-001 | 000302-001 | 000302-002 | 000303-001 | 000304-001 | 000304-002 | 000304-003 | 000304-004 | 000305-001 | 000305-002 | 000306-001 | 000312-001 | 000314-003 | 000318-001 | 000318-002 | 000327-001 | 000333-001 | 000385-003 | 000388-005;178;;
e075cdf01d30;Abu Bakar;PERSON;Abu Bakar Ash- Shiddiq | Abu Bakar Ash-Shiddiq | Abu Bakkar;000025-001 | 000039-001 | 000039-002 | 000049-003 | 000049-004 | 000049-011 | 000049-013 | 000055-004 | 000055-005 | 000067-001 | 000071-004 | 000071-005 | 000071-006 | 000079-001 | 000080-008 | 000089-005 | 000089-006 | 000090-004 | 000091-001 | 000093-001 | 000094-001 | 000095-001 | 000095-002 | 000095-003 | 000095-004 | 000096-001 | 000096-002 | 000096-003 | 000096-004 | 000096-005 | 000096-006 | 000096-007 | 000096-010 | 000097-002 | 000097-003 | 000098-002 | 000098-003 | 000124-001 | 000125-001 | 000130-002 | 000132-001 | 000133-001 | 000138-005 | 000142-002 | 000144-001 | 000178-001 | 000185-004 | 000187-005 | 000187-006 | 000188-001 | 000188-002 | 000198-001 | 000214-002 | 000224-003 | 000227-002 | 000229-001 | 000233-002 | 000237-003 | 000242-002 | 000296-002 | 000300-002 | 000301-001 | 000346-002 | 000346-003 | 000354-001 | 000357-009 | 000357-018 | 000357-019 | 000364-003 | 000365-002 | 000366-001 | 000368-001 | 000372-001 | 000372-002 | 000373-001 | 000373-002 | 000385-002 | 000385-008 | 000387-005;172;;
29b33264ed47;Ali bin Abu Thalib;PERSON;Ali | Ali bin Abi Thalib;000039-001 | 000040-001 | 000078-004 | 000079-001 | 000089-005 | 000093-001 | 000093-002 | 000095-003 | 000097-003 | 000103-001 | 000114-005 | 000116-001 | 000126-001 | 000131-002 | 000132-001 | 000142-002 | 000142-003 | 000144-001 | 000170-001 | 000175-001 | 000175-002 | 000178-001 | 000185-004 | 000188-002 | 000189-001 | 000192-001 | 000197-001 | 000198-002 | 000198-003 | 000203-001 | 000206-005 | 000214-002 | 000214-005 | 000216-001 | 000218-010 | 000218-011 | 000219-001 | 000219-005 | 000226-007 | 000227-001 | 000237-002 | 000237-003 | 000247-002 | 000250-001 | 000265-001 | 000266-001 | 000266-002 | 000280-002 | 000285-004 | 000300-003 | 000300-004 | 000301-002 | 000301-003 | 000302-001 | 000311-001 | 000313-001 | 000314-002 | 000320-003 | 000339-003 | 000347-001 | 000350-001 | 000354-001 | 000357-012 | 000357-014 | 000357-015 | 000359-007 | 000363-001 | 000372-002 | 000373-001 | 000375-001 | 000385-002 | 000387-002 | 000387-003 | 000388-002 | 000388-003 | 000388-004;127;;
2991fb8f61d3;Abu Jahal;PERSON;Abu Jahal bin Hisyam | Abu Jahl;000049-005 | 000049-006 | 000049-007 | 000049-008 | 000049-009 | 000049-010 | 000049-011 | 000055-002 | 000055-003 | 000056-001 | 000056-002 | 000057-001 | 000057-007 | 000057-008 | 000059-001 | 000062-001 | 000063-003 | 000063-004 | 000064-002 | 000064-004 | 000064-005 | 000065-001 | 000071-001 | 000071-002 | 000071-003 | 000075-010 | 000089-004 | 000089-005 | 000090-002 | 000090-005 | 000092-001 | 000095-003 | 000111-001 | 000114-002 | 000119-001 | 000122-001 | 000126-002 | 000129-002 | 000129-003 | 000129-004 | 000130-002 | 000137-001 | 000137-002 | 000137-003 | 000137-004 | 000137-005 | 000239-001 | 000385-003 | 000388-004;91;;
4101c44cc0da;Abu Thalib;PERSON;;000017-009 | 000017-010 | 000021-002 | 000022-001 | 000023-001 | 000024-001 | 000024-002 | 000025-001 | 000040-001 | 000043-002 | 000044-001 | 000046-001 | 000049-001 | 000049-002 | 000049-009 | 000052-007 | 000053-001 | 000053-002 | 000054-001 | 000055-001 | 000059-001 | 000061-001 | 000062-001 | 000062-002 | 000063-001 | 000063-003 | 000063-004 | 000064-001 | 000064-002 | 000064-003 | 000064-004 | 000064-005 | 000065-001 | 000065-002 | 000066-001 | 000067-001 | 000067-002 | 000074-005;84;;
18940d6849a7;Aisyah;PERSON;;000013-001 | 000032-003 | 000075-005 | 000079-003 | 000080-005 | 000089-006 | 000090-004 | 000091-001 | 000095-002 | 000098-002 | 000098-003 | 000112-001 | 000112-002 | 000185-001 | 000187-005 | 000188-001 | 000224-002 | 000226-004 | 000226-005 | 000226-006 | 000226-007 | 000226-008 | 000226-009 | 000274-002 | 000301-001 | 000359-002 | 000363-001 | 000365-002 | 000367-001 | 000368-001 | 000368-002 | 000369-001 | 000369-002 | 000372-001 | 000373-002 | 000377-001 | 000385-002 | 000385-005 | 000385-009 | 000385-010 | 000387-005 | 000388-001 | 000388-005 | 000388-006;73;;
dcd24f67b5f4;Hamzah bin Abdul Muththalib;PERSON;Hamzah | Hamzah bin Abdul Muthalib | Hamzah bin Abdul Muththtalib;000017-009 | 000018-002 | 000019-001 | 000019-002 | 000055-001 | 000055-003 | 000056-001 | 000056-002 | 000057-001 | 000057-006 | 000057-007 | 000057-010 | 000058-001 | 000059-001 | 000060-001 | 000064-001 | 000114-002 | 000114-004 | 000114-005 | 000131-001 | 000131-002 | 000132-001 | 000138-003 | 000144-001 | 000152-001 | 000164-002 | 000164-003 | 000175-001 | 000175-002 | 000176-003 | 000177-001 | 000177-002 | 000178-001 | 000195-001 | 000200-002 | 000200-003 | 000202-001 | 000219-005 | 000285-004 | 000303-001 | 000318-001 | 000357-018;68;;
15dc45d5fcd4;Ka'b bin Malik;PERSON;Ka'b;000016-001 | 000044-002 | 000075-009 | 000084-001 | 000085-001 | 000086-001 | 000088-001 | 000096-009 | 000155-002 | 000155-003 | 000155-004 | 000155-005 | 000155-006 | 000155-007 | 000155-008 | 000192-001 | 000196-001 | 000218-014 | 000218-015 | 000219-007 | 000219-008 | 000230-001 | 000235-001 | 000299-003 | 000338-001 | 000350-002 | 000357-004 | 000357-005 | 000357-006 | 000387-005;66;;
f3a4040357a4;Zaid bin Haritsah;PERSON;Zaid | Zaid binti Haritsah;000002-001 | 000016-001 | 000035-002 | 000040-001 | 000075-001 | 000075-002 | 000075-009 | 000075-010 | 000114-005 | 000141-001 | 000144-004 | 000157-002 | 000157-003 | 000158-003 | 000206-006 | 000212-002 | 000212-004 | 000223-001 | 000223-002 | 000223-003 | 000223-004 | 000224-002 | 000225-004 | 000225-005 | 000226-003 | 000226-004 | 000227-002 | 000250-006 | 000250-007 | 000285-004 | 000288-001 | 000292-001 | 000293-001 | 000341-001 | 000357-020 | 000357-021 | 000381-001 | 000385-005 | 000385-006 | 000385-007 | 000385-008;63;;
c105e95dd511;Khalid bin Al-Walid;PERSON;Khalid | Khalid bin Walid | Walid bin Al-Walid;000005-004 | 000089-005 | 000159-001 | 000169-002 | 000180-001 | 000183-001 | 000184-001 | 000185-003 | 000192-002 | 000194-001 | 000230-001 | 000231-001 | 000244-001 | 000293-001 | 000294-001 | 000307-001 | 000308-001 | 000320-001 | 000320-003 | 000320-004 | 000332-001 | 000348-002 | 000357-010 | 000357-011 | 000357-012 | 000385-003;56;;
87488f534fdf;Khadijah;PERSON;Khadijah binti Khuwailid;000027-001 | 000028-001 | 000028-002 | 000030-004 | 000032-003 | 000032-005 | 000032-006 | 000032-008 | 000032-009 | 000039-001 | 000062-001 | 000065-001 | 000066-001 | 000068-001 | 000080-001 | 000144-003 | 000375-001 | 000376-001 | 000385-001 | 000385-002;50;;
8fe63332fbd9;Abdullah bin Ubay bin Salul;PERSON;Abdullah bin Ubay | Abdullan bin Ubay bin Salul;000088-004 | 000102-001 | 000110-001 | 000110-002 | 000143-001 | 000143-002 | 000146-001 | 000152-001 | 000164-001 | 000164-002 | 000167-001 | 000168-001 | 000185-002 | 000185-003 | 000206-001 | 000214-003 | 000214-004 | 000224-004 | 000225-001 | 000225-003 | 000225-004 | 000226-001 | 000226-002 | 000226-003 | 000226-004 | 000226-006 | 000226-007 | 000226-010 | 000261-001 | 000350-002 | 000353-001;50;;
130b1fc795ae;Jibril;PERSON;;000019-006 | 000032-001 | 000032-002 | 000032-003 | 000032-008 | 000033-001 | 000034-001 | 000055-003 | 000066-001 | 000075-004 | 000075-005 | 000080-002 | 000080-004 | 000080-005 | 000090-003 | 000090-004 | 000091-001 | 000097-002 | 000133-001 | 000134-002 | 000134-003 | 000187-006 | 000214-002 | 000214-003 | 000219-001 | 000252-001 | 000361-001 | 000370-001 | 000388-002;48;;
084aae022f91;Najasyi;PERSON;An-Najasyi;000051-002 | 000051-003 | 000052-001 | 000052-002 | 000052-004 | 000052-005 | 000052-006 | 000052-007 | 000244-001 | 000245-002 | 000247-001 | 000247-002 | 000247-004 | 000247-005 | 000254-002 | 000254-003 | 000275-001 | 000353-001 | 000383-001;45;;
f6e6d44f384f;Utsman bin Affan;PERSON;Ustman bin Affan | Utsman;000039-002 | 000049-010 | 000051-003 | 000089-002 | 000089-003 | 000114-007 | 000141-002 | 000154-001 | 000192-002 | 000206-006 | 000235-001 | 000235-002 | 000236-001 | 000284-002 | 000311-001 | 000314-001 | 000346-001 | 000346-002 | 000353-001 | 000357-009 | 000375-001 | 000385-002;44;;
912778a44ccf;Abu Lahab;PERSON;Abu Lahb;000017-009 | 000018-002 | 000043-001 | 000043-002 | 000044-001 | 000044-002 | 000047-004 | 000048-001 | 000048-002 | 000049-001 | 000049-002 | 000049-003 | 000049-004 | 000059-002 | 000061-001 | 000092-001 | 000119-001 | 000140-001 | 000140-002 | 000140-003;39;;
9d85cfe90345;Utbah bin Rabi'ah;PERSON;Utbah | Utbah bin Rabi | Utbah bin Rabi' | Uthbah bin Rabi';000049-002 | 000049-006 | 000055-001 | 000055-002 | 000058-001 | 000058-002 | 000058-003 | 000058-004 | 000064-002 | 000071-004 | 000074-005 | 000075-002 | 000075-003 | 000090-002 | 000090-003 | 000129-002 | 000129-003 | 000129-004 | 000131-001 | 000131-002 | 000132-001 | 000137-001 | 000138-007 | 000140-001 | 000190-002;39;;
b249525e8ac8;Al-Abbas bin Abdul Muththalib;PERSON;Al-Abbas | Al-Abbas bin Abdul Muthalib;000002-011 | 000017-009 | 000065-002 | 000078-005 | 000078-006 | 000084-002 | 000085-001 | 000134-003 | 000138-001 | 000140-001 | 000161-001 | 000285-004 | 000302-001 | 000304-001 | 000304-004 | 000305-001 | 000305-002 | 000306-001 | 000311-001 | 000316-001 | 000327-002 | 000328-001 | 000346-003 | 000373-001;37;;
e2896d869117;Zainab;PERSON;;000028-002 | 000098-002 | 000098-003 | 000144-003 | 000144-004 | 000223-002 | 000223-003 | 000224-001 | 000224-002 | 000225-004 | 000225-005 | 000314-002 | 000375-001 | 000385-005 | 000385-006 | 000385-008;33;;
05bae56ed445;Sa'd bin Mu'adz;PERSON;Sa'd bin Mu' | Sa'd bin Mu'ad | Sa'd bin Mua'dz | Sa'd bin Muadz;000071-003 | 000083-001 | 000083-003 | 000083-004 | 000083-005 | 000111-001 | 000114-004 | 000116-001 | 000124-002 | 000124-003 | 000127-002 | 000130-002 | 000162-001 | 000165-001 | 000165-002 | 000178-001 | 000185-002 | 000218-012 | 000218-017 | 000218-020 | 000219-006 | 000219-011 | 000219-012 | 000224-002;33;;
47867bff5b4b;Mush'ab bin Umair;PERSON;Mush'ab;000049-010 | 000082-001 | 000083-001 | 000083-002 | 000083-004 | 000083-005 | 000083-006 | 000083-007 | 000087-001 | 000138-006 | 000138-007 | 000165-001 | 000178-001 | 000188-002 | 000190-003 | 000190-004 | 000192-001 | 000200-003 | 000202-001;32;;
f576c9cfe002;Musa bin Imran;PERSON;Musa;000032-006 | 000032-009 | 000035-002 | 000042-001 | 000051-001 | 000051-002 | 000075-007 | 000080-003 | 000080-004 | 000080-008 | 000124-001 | 000248-002 | 000266-002 | 000326-001 | 000347-001 | 000371-001;28;;
46092ecdd936;Abu Dujanah;PERSON;;000170-001 | 000176-001 | 000176-002 | 000176-003 | 000188-002 | 000190-001 | 000190-002 | 000192-002 | 000203-001 | 000214-007 | 000269-001;23;;
c059b95032fe;Bilal bin Rabah;PERSON;Bilal;000025-001 | 000049-010 | 000049-011 | 000049-013 | 000098-002 | 000098-003 | 000138-004 | 000154-001 | 000282-001 | 000310-001 | 000312-001 | 000359-005 | 000359-006;22;;
be6c20b2f538;Jabir bin Abdullah;PERSON;Jabir;000030-003 | 000034-001 | 000086-001 | 000087-001 | 000167-002 | 000187-004 | 000187-005 | 000206-001 | 000218-005 | 000218-006 | 000218-011 | 000219-012 | 000223-004 | 000223-005 | 000284-002 | 000284-003 | 000387-007 | 000388-002;22;;
1346f22706d5;Abdullah bin Abbas;PERSON;Ibnu Abbas | Ibnul Abbas;000002-007 | 000033-001 | 000040-001 | 000044-001 | 000048-005 | 000057-004 | 000057-010 | 000078-003 | 000080-005 | 000134-002 | 000138-001 | 000151-002 | 000169-003 | 000214-007 | 000247-004 | 000250-001 | 000250-002 | 000372-002 | 000387-006 | 000388-002;21;;
04c25280e788;As'ad bin Zurarah;PERSON;As'ad;000079-001 | 000083-001 | 000083-002 | 000083-003 | 000083-004 | 000083-006 | 000087-001 | 000209-001 | 000210-001;20;;
64dae68503eb;Abu Ubaidah bin Al-Jarrah;PERSON;Abu Ubaidah;000039-002 | 000188-001 | 000188-002 | 000223-001 | 000223-004 | 000223-005 | 000296-002 | 000307-001 | 000385-002;19;;
b409d828510c;Umayyah bin Khalaf;PERSON;Ummayah bin Khalaf;000049-006 | 000049-007 | 000049-010 | 000064-002 | 000071-003 | 000090-003 | 000092-001 | 000111-001 | 000114-004 | 000126-002 | 000138-003 | 000138-004 | 000140-001;17;;
6b7259926060;Abul Bakhtari bin Hisyam;PERSON;Abul Bakhtari;000062-001 | 000063-002 | 000063-003 | 000090-003 | 000090-004 | 000090-005 | 000126-002 | 000138-001 | 000138-002 | 000138-003;17;;
cd8095305a22;Sa'd bin Ubadah;PERSON;Sa'ad bin Ubadah | Sa'd bin Ubaidah;000088-005 | 000114-003 | 000162-001 | 000165-002 | 000178-001 | 000218-017 | 000218-020 | 000224-002 | 000224-003 | 000225-001 | 000226-007 | 000280-001 | 000305-002 | 000334-001 | 000334-002 | 000346-003;17;;
0ae25f58f066;Ka'b bin Al-Asyraf;PERSON;Ibnul Asyraf;000151-001 | 000155-001 | 000155-002 | 000155-003 | 000155-004 | 000155-006 | 000155-008 | 000214-001 | 000220-001;17;;
e8dcd22a37f8;Umayyah;PERSON;;000049-010 | 000049-011 | 000111-001 | 000138-003 | 000138-004 | 000138-005;16;;
bb4815223586;Amr bin Al-Ash;PERSON;Amru bin Al-Ash;000052-001 | 000052-005 | 000052-006 | 000052-007 | 000244-001 | 000254-001 | 000296-001 | 000296-002 | 000320-001 | 000338-001;16;;
19f25c212752;Ummu Salamah;PERSON;;000052-006 | 000089-002 | 000219-001 | 000219-012 | 000219-013 | 000228-001 | 000239-001 | 000302-001 | 000385-003 | 000387-007;16;;
f14c18b2a5ff;Shafwan bin Umayyah;PERSON;;000140-001 | 000148-001 | 000148-003 | 000153-001 | 000157-001 | 000158-001 | 000158-002 | 000171-001 | 000206-003 | 000212-004 | 000240-002 | 000306-001 | 000306-002 | 000326-001 | 000333-001;16;;
35f0701a2041;Abu Rafi';PERSON;Abu Raf' | Abu Raff' | Abu Rafi;000140-001 | 000140-003 | 000220-001 | 000220-002 | 000220-003 | 000220-004 | 000285-004 | 000285-005;15;;
c676020715af;Sa'd bin Abu Waqqash;PERSON;Sa'd bin Abi Waqqash;000013-004 | 000039-002 | 000050-001 | 000112-001 | 000114-003 | 000114-004 | 000114-006 | 000126-001 | 000175-001 | 000187-001 | 000187-003 | 000187-004 | 000190-002 | 000196-002;14;;
fcc8865f982a;Usamah bin Zaid;PERSON;Usamah;000098-002 | 000141-002 | 000166-001 | 000226-007 | 000284-007 | 000284-009 | 000310-001 | 000359-006 | 000360-001 | 000360-002 | 000365-001 | 000373-001;13;;
93d13da3f541;Adam;PERSON;;000010-011 | 000016-001 | 000016-002 | 000080-002 | 000247-003 | 000310-002 | 000357-014 | 000358-004;12;;
77bc35a8709b;Abu Thalhah;PERSON;;000139-001 | 000188-002 | 000190-001 | 000192-002 | 000218-005 | 000255-001 | 000373-001 | 000373-002 | 000388-003;12;;
67def20b59cc;Abu Bashir;PERSON;;000223-003 | 000243-001 | 000243-002 | 000243-003;12;;
b60bf14c0e69;Abdurrahman bin Auf;PERSON;;000039-002 | 000106-002 | 000137-001 | 000138-003 | 000138-005 | 000190-002 | 000200-003 | 000227-001 | 000320-003 | 000320-004 | 000346-002;11;;
31b32b90a71b;Thalhah bin Ubaidillah;PERSON;;000039-002 | 000115-001 | 000178-001 | 000187-001 | 000187-003 | 000187-004 | 000187-005 | 000187-006 | 000189-001 | 000193-002;11;;
3b431a58f984;Abu Hurairah;PERSON;Abu Hurairal;000044-002 | 000049-009 | 000066-001 | 000106-003 | 000199-002 | 000215-002 | 000260-001 | 000284-001 | 000387-005;11;;
3077622591e4;Amr bin Umayyah;PERSON;;000212-003 | 000213-003 | 000214-001 | 000214-002 | 000227-003 | 000247-001 | 000247-004 | 000247-005 | 000383-001;11;;
abfde2018345;Abu Salamah bin Abdul Asad;PERSON;Abu Salamah;000018-002 | 000039-002 | 000089-001 | 000089-002 | 000114-005 | 000210-001 | 000380-001;10;;
7c3fc2e6459a;Ibnu Hajar;PERSON;Ibnu Haja;000032-001 | 000034-001 | 000040-001 | 000106-001 | 000166-001 | 000208-001 | 000283-001 | 000284-004 | 000314-002 | 000359-002;10;;
f46464df4188;Abdullah bin Abu Bakar;PERSON;Abdullah bin Abu Rabi'ah | Abdullah bin Abu Sarh | Abdullah bin Abu Umayyah | Abdullah bin Umayyah;000052-001 | 000065-001 | 000095-002 | 000098-002 | 000158-001 | 000302-001 | 000314-001;10;;
f3e7da2e869f;Hakim bin Hizam;PERSON;;000062-001 | 000090-003 | 000126-002 | 000129-001 | 000129-002 | 000129-003 | 000304-001 | 000333-001;10;;
a13333d0e784;Abul Ash;PERSON;;000098-002 | 000144-003 | 000223-002 | 000223-003 | 000224-001 | 000224-002;10;;
c6e5004cad5e;Abdullah bin Jahsy;PERSON;Abdullah bin Jahsi;000114-006 | 000114-009 | 000114-010 | 000114-013 | 000178-001 | 000200-002 | 000379-001;10;;
faafed3c4723;Ikrimah bin Abu Jahal;PERSON;Ikrimah bin Abu Jahl;000158-001 | 000159-001 | 000171-001 | 000218-009 | 000218-010 | 000306-001 | 000306-002 | 000314-001;10;;
850933bbcb33;Ibnu Ummi;PERSON;;000116-001 | 000147-001 | 000165-002 | 000214-005 | 000218-008 | 000219-001 | 000222-001 | 000228-001 | 000255-004;9;;
25bf94263c20;Ka'b bin Asad;PERSON;Ka'b bin As';000218-013 | 000218-014 | 000218-015 | 000219-002 | 000219-003 | 000219-007 | 000219-008;9;;
68d623d46596;Abu Jandal;PERSON;;000238-001 | 000238-002 | 000243-002 | 000243-003;9;;
0562e9b5bae0;Malik bin Auf;PERSON;;000322-001 | 000323-001 | 000324-001 | 000324-002 | 000325-001 | 000327-001 | 000332-001;9;;
eff9c886d7ae;Huyai bin Akhthab;PERSON;Huyai bin Akhtab;000103-005 | 000153-001 | 000214-004 | 000214-005 | 000214-006 | 000218-013 | 000219-008 | 000273-001;8;;
62ef4f9351a6;Ja'far bin Abu Thalib;PERSON;;000052-002 | 000247-004 | 000275-001 | 000285-004 | 000292-001 | 000292-002;8;;
686be9189079;Ummu Kultsum;PERSON;;000028-002 | 000049-002 | 000098-002 | 000375-001 | 000385-002;7;;
95087cefc93f;An-Nadhr bin Al-Harits;PERSON;An-Nadhar bin Al-Harits;000048-003 | 000090-002 | 000090-003 | 000092-001 | 000126-002 | 000142-002 | 000171-001;7;;
41953ad1e0ca;Abu Hudzaifah;PERSON;;000138-001 | 000138-002 | 000138-007;7;;
99df36b5ff0d;Abu Azzah;PERSON;;000144-003 | 000158-002 | 000158-003 | 000206-005;7;;
f48ba080c630;Salamah bin Al-Akwa';PERSON;Salamah bin Al-Akwa;000227-002 | 000236-001 | 000255-001 | 000255-002 | 000263-001 | 000266-001;7;;
a35486dca48d;Ibnul Jauzi;PERSON;;000057-004 | 000057-008 | 000066-001 | 000144-003 | 000243-002;6;;
09f165e59f1a;Al-Barra';PERSON;Al-Barra;000086-002 | 000166-001 | 000218-006 | 000387-004;6;;
a677b72aed8f;Ibnu Qami'ah;PERSON;;000187-002 | 000190-003 | 000190-004 | 000198-002;6;;
975a8a0d39d8;Abu Musa;PERSON;;000215-002 | 000275-001 | 000284-001 | 000284-002;6;;
16531bd9399f;Tsabit bin Qais bin Syammas;PERSON;Tsabit bin Qais | Tsabit bin Qaiz;000219-009 | 000219-010 | 000224-003 | 000339-002 | 000382-001;6;;
66d990ece0db;Ka'b bin Zuhair;PERSON;;000314-002 | 000314-003 | 000357-004 | 000357-005;6;;
5c9941e188da;Ummu Aiman;PERSON;;000017-012 | 000020-001 | 000098-002 | 000196-002 | 000196-003;5;;
b43f4f3279e8;Al-Baihaqi;PERSON;;000018-001 | 000032-004 | 000247-001 | 000247-003 | 000247-004;5;;
adf6e8924467;Ubadah bin Ash-Shamit;PERSON;;000081-001 | 000081-002 | 000086-002 | 000142-001;5;;
8d2c59cb85ac;Al-Miqdad bin Amr;PERSON;;000114-002 | 000114-003 | 000116-001 | 000124-001 | 000255-004;5;;
012c448e30fb;Kurz bin Jabir;PERSON;Kurs bin Jabir;000114-004 | 000114-009 | 000227-002 | 000227-003 | 000308-001;5;;
e1ab4164c1a4;Abdullah bin Atik;PERSON;;000220-001 | 000220-002 | 000220-004;5;;
23f7afd24da3;Ummu Sa'd;PERSON;;000202-002 | 000314-003;5;;
3b57daf97294;Al-Barra' bin Azib;PERSON;;000040-001 | 000166-001 | 000181-002 | 000218-004;4;;
ec45007158a2;Urwah bin Az-Zubair;PERSON;;000055-005 | 000075-005 | 000097-001 | 000097-002;4;;
440928388d5a;Iyas bin Mu'adz;PERSON;;000078-001 | 000078-002 | 000078-003;4;;
edcb294ddcaf;Thu'aimah bin Adi;PERSON;;000090-002 | 000092-001 | 000126-002 | 000177-001;4;;
f79ab348846d;Amir bin Fuhairah;PERSON;;000049-013 | 000095-002 | 000096-002 | 000096-006;4;;
bb963de69b22;Abdullah bin Uraiqith;PERSON;Abullah bin Uraiqith;000096-001 | 000096-002;4;;
ba3123b83990;Ummul Fadhl;PERSON;;000140-001 | 000140-002 | 000140-003;4;;
832834cb4890;Ummu Misthah;PERSON;;000226-007 | 000226-008;4;;
39fb20b0662d;Urwah bin Mas'ud;PERSON;;000233-001 | 000357-007 | 000385-007 | 000385-008;4;;
c7a8cc0de4dc;Mu'adz bin Jabal;PERSON;Mu'adz;000357-012 | 000359-001;4;;
1467f4d9b8f5;Abu Shafwan;PERSON;;000111-001 | 000158-002;3;;
25bf3858f042;Abdullah bin Unais;PERSON;;000211-001 | 000220-004;3;;
0023d1fe29aa;Sallam bin Abul Huqaiq;PERSON;;000220-001 | 000257-002;3;;
4a132cdaf0ba;Zainab binti Jahsy;PERSON;;000225-004 | 000385-002 | 000385-005;3;;
8385083a8ee1;Al-Miqdad bin Al-Aswad;PERSON;;000116-001 | 000169-002 | 000255-003;3;;
f54129bfa73f;Mu'adz bin Amr;PERSON;Mas'ud bin Amr;000137-002 | 000137-003 | 000331-001;3;;
658a1ff9e14e;Imran bin Amr;PERSON;Imran bin Amru;000002-002 | 000002-003;2;;
8dda74fb0708;Al-Aswad bin Al-Muththalib;PERSON;;000074-006 | 000140-004;2;;
c2796804c41d;Jubair bin Muth'im;PERSON;;000090-002 | 000177-001;2;;
7855e7828f15;Umair bin Wahb;PERSON;;000129-001 | 000148-001;2;;
a7d013c7acc0;Ukkasyah bin Mihshan;PERSON;;000138-006 | 000223-001;2;;
d3a99a53d81d;As'ad bin Khuzaimah;PERSON;Asad bin Khuzainah;000210-001 | 000253-001;2;;
8c6312f8e5aa;Martsad bin Abu Martsad;PERSON;;000116-001 | 000212-001;2;;
30c86898f648;Zaid bin Ad-Dastinah;PERSON;Zaid bin Ad-Datsinah;000212-002 | 000212-004;2;;
6d32d47185e0;Salamah bin Abu Salamah;PERSON;Salamah bin Salamah;000143-001 | 000227-003;2;;
dd283f04f199;Budail bin Zarqa';PERSON;;000304-001;2;;
08db18398d05;Wahsy bin Harb;PERSON;;000177-001 | 000314-003;2;;
478cc1c11a19;Hasan bin Ali;PERSON;Hasan;000368-002 | 000375-001;2;;
af42d9ae5484;Husain bin Ali;PERSON;Husain;000368-002 | 000375-001;2;;
9852ffd54015;Abdurrahman;PERSON;;000138-003;2;;
86072e14398c;Rafi' bin Khadij;PERSON;;000166-001;2;;
b956934da983;Jabalah bin Al-Aiham;PERSON;;000006-001;1;;
a778ebf5e167;Al-Qurthubi;PERSON;;000080-001;1;;
52fc8f1467a3;Siba bin Arfazhah;PERSON;;000147-001;1;;
1206029e8575;Wahb bin Umair;PERSON;;000148-001;1;;
7b4e2376227b;Abu Lubabah bin Abdul;PERSON;;000153-002;1;;
f5dcac4b2fb9;Sulaith bin An- Nu'man;PERSON;;000157-002;1;;
40320052f5a6;Nu'aim bin Ma'ud;PERSON;;000157-002;1;;
52f0f26fcacd;Al-Mundzir bin Uqbah bin Amir;PERSON;;000213-003;1;;
a8e43ab8f67a;Az-Zabir bin Batha;PERSON;;000219-009;1;;
936233d0856c;Ashhamah bin Al-Aijar;PERSON;;000247-001;1;;
ce8920eb6ac7;Amir bin Al-Akwa';PERSON;;000263-001;1;;
156c5a378a2e;Mirdas bin Nuhaik;PERSON;;000284-007;1;;
7c373225d233;Syaima' binti Al-Harits;PERSON;;000331-001;1;;
66d0b56503c9;Bujair bin Zuhair;PERSON;;000357-004;1;;
13781ea8608a;Al-Harits bin Abdi;PERSON;;000357-011;1;;
82105a5e8b3d;Nu'man bin Qail;PERSON;;000357-011;1;;
20c2dc1bab8c;Khunais bin Hudzafah;PERSON;;000378-001;1;;
b1eeeb544101;Ali bin Umayyah;PERSON;;000138-003;1;;
539782f8601c;Sa D bin Mu Adz;PERSON;;000138-005;1;;
731cc96192f1;Musafi' bin Abdi;PERSON;;000158-003;1;;
42b5250d95bf;Samurah bin Jundab;PERSON;;000166-001;1;;
9e8d4713b0f4;Musa bin Uqbah;PERSON;;000166-001;1;;
3c8b580975e3;Musailamah;PERSON;;000177-002;1;;
90ae3e9c12ba;Qais bin Abu Hazim;PERSON;;000187-005;1;;
bb34f242c946;Bakar Ash-Shidddiq;PERSON;;000188-001;1;;
239b8567d8ee;Naf' bin Jubair;PERSON;;000189-001;1;;
08707a4ca8a9;Sulaith;PERSON;;000196-002;1;;
2e59af765983;Uqbah bin Al-Harits;PERSON;;000212-003;1;;
0e47be13b9cb;Bulan Ramadhan;TIME;;000031-001 | 000032-001 | 000032-002 | 000032-004 | 000032-005 | 000051-003 | 000051-004 | 000063-001 | 000065-001 | 000066-001 | 000080-001 | 000099-001 | 000320-001 | 000349-002 | 000388-002;23;;
595c34fa5232;Bulan Muharram;TIME;;000017-008 | 000061-001 | 000063-001 | 000080-001 | 000095-001 | 000211-001 | 000258-001;9;;
3f6738fa06d2;Hari Sabtu;TIME;;000152-001 | 000199-003 | 000211-001 | 000218-023 | 000219-003 | 000359-001 | 000366-001;8;;
4e7443899c96;Bulan Rajab;TIME;;000032-002 | 000051-003 | 000063-001 | 000065-001 | 000114-007 | 000349-002 | 000357-015;7;;
3f4c665a2c91;Hari Senin;TIME;;000032-004 | 000032-005 | 000097-003 | 000362-001 | 000368-001 | 000373-001;7;;
39bd79f6a48e;Bulan Syawwal;TIME;;000051-005 | 000068-001 | 000218-025 | 000218-026 | 000377-001 | 000380-001;7;;
53c7c5c281dd;Bulan Rabi'ul Awwal;TIME;;000080-001 | 000099-001 | 000215-001 | 000215-002 | 000222-001 | 000285-005;6;;
afdac80a1b87;Bulan Shafar;TIME;;000095-001 | 000212-001 | 000282-001 | 000285-005 | 000357-015;6;;
eed7e901030a;Bulan Dzul Qa'dah;TIME;;000218-025 | 000218-026 | 000285-001 | 000359-002;6;;
19ed4913f601;Tahun 7 H;TIME;;000244-001 | 000284-008 | 000357-002 | 000384-001;6;;
d2f00a0230fa;Tahun 9 H;TIME;;000356-002 | 000357-012 | 000357-013 | 000357-016 | 000357-021;6;;
5b794d404c4a;Bulan Dzul Hijjah;TIME;;000056-001 | 000057-001 | 000153-002 | 000258-001 | 000359-008;5;;
f0e7d11a6243;Bulan Sya'ban 6 H;TIME;;000224-001 | 000227-001 | 000381-001 | 000382-001;5;;
5692f2ca89f4;Tahun 4 H;TIME;;000215-002 | 000227-004 | 000379-001 | 000380-001;4;;
f33dd30bdce2;Tahun 8 H;TIME;;000244-001 | 000338-001 | 000357-003 | 000357-004;4;;
6f61eaa2beb2;Bulan Syawwal 7 H;TIME;;000284-006 | 000284-007 | 000284-008;4;;
9ef5107a5a47;Bulan Muharram 9 H;TIME;;000338-001 | 000339-001 | 000339-003;4;;
55cb8059c305;Bulan Rabi'ul Awwal 9 H;TIME;;000339-002 | 000339-003 | 000357-006;4;;
cc8e4ade70a2;Tahun 587 Sm;TIME;;000007-001 | 000010-012 | 000017-008;3;;
917be7fd74b2;Hari Tasyriq;TIME;;000084-001 | 000359-009;3;;
3d1d104f4530;Pertengahan Hari-Hari Tasyriq;TIME;;000084-001 | 000359-009 | 000359-010;3;;
f523e0b0ac18;Hari Rabu;TIME;;000218-025 | 000218-026 | 000364-001;3;;
666b11d3cf63;Tahun 6 H;TIME;;000219-011 | 000246-001 | 000247-001;3;;
e1a584261228;Bulan Syawwal 6 H;TIME;;000227-002 | 000227-003;3;;
30008b0c8e0f;Hari Kamis;TIME;;000347-001 | 000365-001;3;;
b6ee0c137228;Hari Kurban;TIME;;000359-008 | 000359-009 | 000359-010;3;;
80e78cd301af;Tahun 650 Sm;TIME;;000004-001;2;;
b40df84ec072;Tahun 300 M;TIME;;000004-001 | 000004-002;2;;
c32a290fceb5;Lailatul-Qadar;TIME;;000032-002;2;;
ef064c0f7451;Hari Senin Dari Bulan Ramadhan;TIME;;000032-004 | 000032-005;2;;
c78374efbeb9;Lailatul-Qadr;TIME;;000032-004 | 000032-005;2;;
c40207aac1a9;Tanggal 1 Ramadhan;TIME;;000114-001 | 000114-002;2;;
942cc134a953;Tahun 623 M;TIME;;000114-001 | 000114-002;2;;
974a3875d9d2;Bulan Rabi'ul Awwal 2 H;TIME;;000114-004;2;;
af52cbe3c725;Bulan Jumadal Ula;TIME;;000114-005;2;;
f190b9d38e0c;Bulan Sya'ban 2 H;TIME;;000114-010 | 000114-014;2;;
6cb41478a019;Bulan Syawwal 2 Hijriyah;TIME;;000145-002 | 000147-001;2;;
07018b05abdf;Bulan Shafar 4 H;TIME;;000209-001 | 000227-004;2;;
9db9822537f4;Bulan Rabi'ul Awwal 4 H;TIME;;000209-001 | 000214-007;2;;
029ef086ff1e;Bulan Rabi'ul Akhir 6 H;TIME;;000223-001 | 000223-002;2;;
897d31424ef6;Tahun 5 H;TIME;;000224-002 | 000357-001;2;;
acab69677d0a;Sya'ban;TIME;;000224-002 | 000359-008;2;;
0d91189d06cd;Bulan Muharram Tahun 7 H;TIME;;000246-001 | 000247-001;2;;
1105d8e38782;Malam Selasa Tanggal 10 Jumadal;TIME;;000249-002 | 000249-003;2;;
b61e2a2758fb;Bulan Rabi'ul Awwal 7 H;TIME;;000282-001 | 000284-001;2;;
1c059c1f98d9;Bulan Sya'ban 7 H;TIME;;000284-006 | 000284-007;2;;
4081309ea2a5;Bulan Ramadhan 8 H;TIME;;000301-001 | 000302-001;2;;
933fd4198d7d;Bulan Dzul Hijjah 8 H;TIME;;000336-001 | 000357-007;2;;
655558bd2410;Bulan Shafar 9 H;TIME;;000339-002 | 000357-006;2;;
54314efcc0b3;Rabi'ul Awwal 9 H;TIME;;000339-003 | 000339-004;2;;
2dce3c76dd60;Tahun 10 H;TIME;;000357-018 | 000359-001;2;;
7e722e7060a1;Bulan Shafar Tahun 11 H;TIME;;000360-001 | 000361-001;2;;
c350f1f0cc26;Hari Selasa;TIME;;000373-001 | 000373-002;2;;
1557cf9ca04f;Tahun 110 Sm;TIME;;000004-001;1;;
1227253b367f;Tahun 115 Sm;TIME;;000004-001;1;;
ee0c93f92829;Tahun 340 M;TIME;;000004-002;1;;
851e618784eb;Tahun 378 M;TIME;;000004-002;1;;
2503e51dc8e1;Tahun 525 M;TIME;;000004-003;1;;
3db39dd1bf69;Tahun 575 M;TIME;;000004-004;1;;
36580068de0b;Tahun 638 M;TIME;;000004-004;1;;
edf1b791b31c;Tahun 326 Sm;TIME;;000005-001;1;;
9493f4be806c;Tahun 230 Sm;TIME;;000005-001;1;;
1a33dae8e5ab;Tahun 226 M;TIME;;000005-001;1;;
4bf93c3ffdd6;Tahun 268 M;TIME;;000005-002;1;;
f386ef5fa401;Tahun 632 M;TIME;;000005-004;1;;
6875049c6afe;Tahun 13 H;TIME;;000006-001;1;;
b075b62bb688;Tahun 440 M;TIME;;000007-006;1;;
a58bdf8ee3b7;Tahun 70 Masehi;TIME;;000010-012;1;;
0a5144a85842;Bulan Oktober Tahun 523 Masehi;TIME;;000010-013;1;;
587440c5787a;Tahun 340 Masehi;TIME;;000010-013;1;;
323bce1f90c2;Tahun 497 M;TIME;;000017-002;1;;
73cedf57cc24;Bulan Maret 571 M;TIME;;000017-008;1;;
1ff8da6aa956;Tahun 70 M;TIME;;000017-008;1;;
c368112eecb9;Tanggal 9 Rabi'ul Awwal;TIME;;000018-001;1;;
649a080f9a33;Tanggal 20 Atau 22 Bulan April Tahun 571 M;TIME;;000018-001;1;;
1712b4f4cede;Hari Senin, Malam Tanggal 21 Dari Bulan Ramadhan;TIME;;000032-001;1;;
167514bf1d15;Tanggal 10 Agustus 610 M;TIME;;000032-001;1;;
80e7fbeb47c1;Rabi'ul Awwal;TIME;;000032-001;1;;
41f0721c7b9b;Ramadhan;TIME;;000032-002;1;;
e179c769279b;Tahun 2;TIME;;000037-001;1;;
4fd131281209;Tahun 3;TIME;;000037-001;1;;
7796bdc26add;Bulan Juli Tahun 619 M;TIME;;000076-001;1;;
87be4ec52542;Bulan Juli Tahun 620 M;TIME;;000079-001;1;;
56d0df9ebd51;Malam Tanggal 27 Bulan Rajab;TIME;;000080-001;1;;
5be677e9670f;Hari Kamis Tanggal 26 Shafar Tahun 14 Dari Nubuwah;TIME;;000090-002;1;;
10e33668ee0d;Tanggal 12 September Tahun 622 M;TIME;;000090-002;1;;
b15667c3f6cc;Malam Hari Tanggal 27 Shafai Tahun 14 Nubuwah;TIME;;000094-001;1;;
d588a4a1e6e3;September Tahun 622 M;TIME;;000096-001;1;;
0f8260ebcad9;Hari Senin Tanggal 8 Rabi'ul Awwal;TIME;;000097-001;1;;
8e7a728dc646;Tanggal 23 September 622 M;TIME;;000097-001;1;;
c16d00c51ff1;Tanggal 9 Rabi;TIME;;000097-001;1;;
cd0d3725c824;Tahun 41;TIME;;000097-001;1;;
eeb5f389de9e;Bulan Ramadhan Tahun 41;TIME;Bulan Ramadhan Tahun 41 ;000097-001;1;;
4929ca1ccb15;Hari Senin Bulan Rabi'ul Awwal;TIME;;000097-002;1;;
26d614e67e66;Hari Jum'at Tanggal 12 Rabi'ul Awwal 1 H;TIME;;000104-001;1;;
8e758f0c9f10;Tanggal 27 September 622 M;TIME;;000104-001;1;;
c7d444df364d;Tanggal 1 Syawwal 1 H;TIME;;000114-002;1;;
8b23f2486e98;Bulan Shafar 2 H;TIME;;000114-003;1;;
31df9d212f29;Bulan Jumadal Akhirah;TIME;;000114-005;1;;
4eaf2a7fec16;Bulan Rajab 2 H;TIME;;000114-006;1;;
edbbf9aa65d0;Syawwal 2 H;TIME;;000152-001;1;;
5cf5274aefb4;Bulan Muharram 3 H;TIME;;000154-001;1;;
5a94f7e72ff2;Bulan Shafar 3 H;TIME;;000154-001;1;;
d415c528d0dd;Tanggal 14 Rabi'ul Awwal 3 H;TIME;;000155-005;1;;
078752e1f91e;Bulan Rabi'ul Akhir 3 H;TIME;;000156-001;1;;
407976db88a5;Bulan Rabi'ul Akhir;TIME;;000156-001;1;;
3b743046b06c;Bulan Jumadal Akhirah 3 H;TIME;;000157-001;1;;
ff3a735668fb;Sabtu Tanggal 7 Syawwal 3 H;TIME;;000203-001;1;;
c7bd5eab38b4;Bulan Jumadil Ula;TIME;;000209-001;1;;
6fc48980fbcb;Bulan Muharram 4 H;TIME;;000210-001;1;;
4d006561cfee;Tanggal 5 Muharram;TIME;;000211-001;1;;
dde0e3252755;Bulan Rabi'ul Awwal Atau Jumadil Ula;TIME;;000215-002;1;;
bce8c743e372;Bulan Sya'ban 4 H;TIME;;000216-001;1;;
162262dc6eca;Rabi'ul Awwal 5 H;TIME;;000217-001;1;;
2278a0545776;Malam Sabtu, Bulan Syawwal 5 H;TIME;;000218-023;1;;
b712b1f17017;Tahun 5 H Pada Bulan Syawwal;TIME;;000218-025;1;;
9d05bb4fcfbe;Bulan Dzul Qa'dah 5 H;TIME;;000219-013;1;;
fff37c69e145;Bulan Dzul Qa'dah Atau Dzul Hijjah 5 H;TIME;;000220-004;1;;
c897dc89797c;Bulan Rabi'ul Awwal 6 H;TIME;;000223-001;1;;
b2da6a74b6ed;Bulan Rabi'ul Awwal Atau Rabi'ul Akhir;TIME;;000223-001;1;;
50129100e87a;Rabi'ul Akhir 6 H;TIME;;000223-001;1;;
b360be988c7d;Bulan Jumadil Akhir 6 H;TIME;;000223-003;1;;
bbe724225a84;Bulan Rajab 6 H;TIME;;000223-004;1;;
6f5f0a2081c2;Bulan Rajab 8 H;TIME;;000223-004;1;;
549face4c37c;Bulan Ramadhan 6 H;TIME;;000227-002;1;;
ba7901e0d5a7;Hari Senin Tanggal 1 Dzul Qa'dah 6 H;TIME;;000228-001;1;;
9b689ccfde22;Bulan Rajab Tahun 7 H;TIME;;000247-005;1;;
4f386a0a3722;Bulan Shafar 7 H;TIME;;000283-001;1;;
80668684ecf3;Bulan Shafar Atau Rabi'ul Awwal 7 H;TIME;;000284-006;1;;
6d42aff417d2;Bulan Jumada;TIME;;000284-006;1;;
2a25045662b1;Bulan Dzul Hijjah 7 H;TIME;;000285-005;1;;
da1d19f0536a;Bulan Jumadal Akhirah 8 H;TIME;;000296-001;1;;
0f3f1e96fc0f;Bulan Sya'ban 8 H;TIME;;000297-001;1;;
82bc0e471ee2;Selasa Pagi Hari Tanggal 17 Ramadhan 8 H;TIME;;000305-001;1;;
9ba4422751da;Tanggal 6 Syawwal 8 H;TIME;;000326-001;1;;
b962ac2d7f59;Malam Rabu Tanggal 10 Syawwal;TIME;;000327-001;1;;
70aee37c897a;Bulan Muharram Tahun 9 H;TIME;;000338-001;1;;
1fe172672e0e;Bulan Dzul Qi'dah Atau Dzul Hijjah;TIME;;000354-001;1;;
7cedf6d0c8f6;Bulan Ramadhan 9 H;TIME;;000357-007;1;;
cced1485c64b;Bulan Rabi'ul Awwal 12 H;TIME;;000357-018;1;;
6d056510238f;Bulan Muharram 11 H;TIME;;000357-021;1;;
499a9b5ad8e0;Hari Senin Tanggal 4 Dzul Hijjah 10 H;TIME;;000359-002;1;;
9feddb27ec65;Tanggal 8 Dzul Hijjah;TIME;;000359-003;1;;
4de46fdc03fa;Hari Tarwiyah;TIME;;000359-003;1;;
535312e30075;Hari Kurban Atau Tanggal 10 Dzul Hijjah;TIME;;000359-007;1;;
a5541911ded8;Dzul Hijjah;TIME;;000359-008;1;;
3347d148331f;Muharram;TIME;;000359-008;1;;
7aedb12bac48;Rajab;TIME;;000359-008;1;;
c4b91541fb25;Jumada;TIME;;000359-008;1;;
d6c0212b51e0;Tanggal 13 Dzul Hijjah;TIME;;000359-010;1;;
1874b006fd2b;Bulan Ramadhan Tahun 10 H;TIME;;000361-001;1;;
a2a7419bf058;Tanggal 29 Shafar Tahun 11 H;TIME;;000362-001;1;;
7c03cd425741;Hari Senin Tanggal 12 Rabi'ul Awwal 11 H;TIME;;000369-002;1;;
3e68546b5d50;Tahun 3 H;TIME;;000378-001;1;;
8518a3a08c9a;Bulan Muharram 7 H;TIME;;000383-001;1;;
ecfcdd9d69ec;Bulan Dzul Qa'dah 7 H;TIME;;000385-001;1;;
eb3457a07084;Tanggal 28 Atau 29 Syawwal 10 H;TIME;;000385-001;1;;
f64d1f3cc15c;Tanggal 27 Januari 632 M;TIME;;000385-001;1;;
e0780e6a4083;Tahun;TIME;;000054-002;1;;
61a4f0e223dc;Tanggal 17 Ramadhan 2 H;TIME;;000128-001;1;;
30c9f4d718dc;Tahun Kedua Hijriyah;TIME;;000145-002;1;;
74eb72aa1a6e;Fitri;TIME;;000145-002;1;;
d79abf9229d2;Hari Jum'at Tanggal 6 Syawwal 3 H;TIME;;000163-001;1;;
b440f01fb007;Hari Sabtu Pagi Tanggal 7 Syawwal 3 H;TIME;;000169-003;1;;
d1949277b53b;Malam Ahad;TIME;;000205-001;1;;
dff3fd4d544d;Hari Ahad Tanggal 8 Syawwal 3 H;TIME;;000206-001;1;;
db190fc3be70;Bulan Sya'ban;TIME;;000320-003;1;;
a5e28269fb58;Baiat Aqabah;EVENT;;000089-001|000124-002;2;BAIAT AQABAH PERTAMA;198-202
be3ec22cbc5d;Baiat Aqabah Kubra;EVENT;;000088-005|000089-001|000089-005|000090-002;4;BAIAT AQABAH KEDUA;203-209
af7be2402d6d;Fathul Makkah;EVENT;Fathu Makkah | Penaklukan Makkah;000099-001|000223-003|000321-001;3;Peringatan di Makkah;267-304
44e111bce1c3;Hijrah;EVENT;;000002-002|000051-006|000089-001;3;Hijrah ke Habasyah yang Pertama;130-151
aefd0f3561e0;Isra' Mi'raj;EVENT;Isra' | Mi'raj | Isra' Dan Mi'raj;000035-002|000040-001|000080-001|000080-002|000080-007|000080-009|000080-010|000080-011|000080-005;9;ISRA’ DAN MI’RAJ;191-197
b5df09298113;Perang Abwa';EVENT;;000114-003;1;PERANG TABUK;558-571
bac9d5b24121;Perang Al-Yamamah;EVENT;;000138-002;1;PERANG MU’TAH;502-510
1cb20830a588;Perang As-Sawiq;EVENT;Perang Sawiq;000153-002|000158-003;2;Perang As-Sawiq;315-323
bcaa2d7ae36f;Perang Asafan;EVENT;;000215-002|000215-003;2;Perang As-Sawiq;315-323
ec44716ac4d6;Perang Badr;EVENT;Badr;000052-006|000052-007|000071-003|000075-010|000098-002|000098-003|000106-001|000114-009|000114-013|000129-001|000131-002|000137-001|000138-003|000138-006|000139-001|000140-001|000140-004|000142-001|000144-004|000145-002|000146-001|000147-001|000148-001|000148-002|000150-003|000151-001|000151-002|000153-002|000157-001|000157-003|000158-001|000158-002|000164-002|000164-003|000171-001|000177-001|000182-001|000198-002|000206-005|000212-002|000212-003|000212-004|000215-002|000216-002|000218-001|000225-001|000278-001|000301-004|000318-002|000375-001|000378-001|000145-001|000217-001;53;Satuan-satuan Pasukan Sebelum Perang Badr;256-265
031c2f2a431a;Perang Badr Kubra;EVENT;;000114-005;1;PERANG BADR KUBRA;266-304
bbfe8ae2b09e;Perang Badr Shughra;EVENT;;000216-002;1;PERANG BADR KUBRA;266-304
34d2b06e0945;Perang Badr Ula;EVENT;;000114-005;1;PERANG BADR KUBRA;266-304
2f69c4ffcf12;Perang Bani Al-Ashfar;EVENT;;000301-001;1;Perang Bani Nadhir;382-389
564e5f97dfae;Perang Bani Mushthaliq;EVENT;;000225-005|000226-001;2;Perang Bani Nadhir;382-389
385b69c8cd73;Perang Bani Nadhir;EVENT;;000213-004|000214-007|000215-001;3;Perang Bani Nadhir;382-389
82a19f27ebc1;Perang Bani Qainuqa';EVENT;;000214-001;1;Perang Bani Qainuqa’;310-323
ab9b85cc3d0f;Perang Bani Quraizhah;EVENT;;000219-005|000224-002;2;PERANG BANI QURAIZHAH;405-411
09e4b9814599;Perang Bu'ats;EVENT;Perang Bu Ats;000078-001|000078-002|000102-001|000103-003|000150-001|000219-009;6;Perang Burhan;321-323
2be564ea1156;Perang Buwath;EVENT;;000114-004;1;Perang Burhan;321-323
280d2297386d;Perang Dzatur Riqa';EVENT;;000215-002|000284-001;2;Perang Dzatur Riqa’;493-497
f2c923cb6f65;Perang Dzul Usyairah;EVENT;;000114-005;1;Perang Dumatul Jandal;387-389
9cc2185190cb;Perang Fijar;EVENT;;000025-001|000026-002;2;Perang Fijar;87-93
b3198dfee831;Perang Hamra'ul Asad;EVENT;Hamra'ul Asad;000206-007;1;Perang Hamra’ul-Asad;368-375
dc7dab06d145;Perang Hunain;EVENT;Perang Khunain | Hunain;000284-005|000332-001|000336-001|000344-001|000355-001|000355-002|000329-001|000334-001;8;PERANG HUNAIN;538-551
d3f1e3f46352;Perang Khaibar;EVENT;Khaibar;000215-002|000255-001|000255-004|000263-001|000274-001|000274-002|000278-001|000282-001|000284-001|000275-001|000280-001|000384-001;12;PERANG KHAIBAR DAN WADIL QURA;473-492
eaa1aba992f8;Perang Khandaq;EVENT;Perang Ahzab | Perang Al-Khandaq;000078-008|000078-009|000083-007|000213-002|000213-003|000215-003|000218-011|000218-012|000218-025|000218-026|000219-006|000219-008|000219-011|000219-013|000220-004|000221-001|000225-003|000225-004|000227-004|000287-001;20;Perang Burhan;321-323
0c77b0427eb0;Perang Mu'tah;EVENT;;000293-001|000295-001|000296-001|000341-002|000357-002;5;PERANG MU’TAH;502-510
16c0dcb36fe7;Perang Riddah;EVENT;;000138-006;1;Perang Burhan;321-323
6a799492b87d;Perang Safawan;EVENT;;000114-004;1;Perang As-Sawiq;315-323
5397136583c1;Perang Tabuk;EVENT;;000247-005|000351-001|000351-002|000356-002|000357-011|000357-012;6;PERANG TABUK;558-571
e3d9171c739e;Perang Tha'if;EVENT;;000177-002|000331-001|000357-004|000357-007;4;Perang Tha’if;544-551
2ac235ec1e41;Perang Uhud;EVENT;Uhud;000071-003|000071-006|000075-005|000083-006|000146-002|000154-001|000157-001|000157-003|000166-001|000176-001|000185-001|000187-005|000187-006|000188-001|000189-001|000190-001|000192-002|000196-002|000199-003|000201-001|000202-001|000202-002|000205-001|000206-001|000206-005|000206-006|000206-007|000206-008|000208-001|000209-001|000210-001|000213-003|000214-001|000215-001|000215-002|000216-001|000225-002|000355-001|000355-002|000379-001|000385-003|000375-001|000378-001;43;AKTIVITAS PASUKAN ANTARA PERANG BADR DAN PERANG UHUD;305-307
64125ec3e9a4;Perang Yarmuk;EVENT;;000006-001|000177-002;2;PERANG TABUK;558-571
d76568c60f42;Perjanjian Hudaibiyah;EVENT;Hudaibiyah;000223-004|000223-005|000227-005|000243-002|000247-001|000247-003|000258-001|000260-001|000274-001|000274-002|000285-001|000285-005|000299-001|000099-001|000250-007|000254-007|000255-001|000259-001|000320-004|000320-005;20;PERJANJIAN HUDAIBIYAH;433-450
