tokoh,peristiwa,lokasi,halaman_keterlibatan,evidence_keterlibatan,halaman_lokasi,evidence_lokasi
Umar bin Al-Khaththab,Perang Badr,Ash-Shafra,308-310 | 359-360 | 515-517 | 531-532,"...Setelah itu dia berangkat hingga tiba di Madinah. Umar bin Al-Khaththab yang sedang membicarakan kemuliaan yang dikaruniakan Allah di Perang Badr bersama beberapa orang Muslim, melihat kehadirann..",281-282,"...a sekali tidak mengeluh hingga meninggal dunia di Ash-Shafra', empat atau lima hari setelah Perang Badr, di tengah perjalanan pulang ke Madinah. Pada saa..."
Umar bin Al-Khaththab,Perang Badr,Badr,308-310 | 359-360 | 515-517 | 531-532,"...Setelah itu dia berangkat hingga tiba di Madinah. Umar bin Al-Khaththab yang sedang membicarakan kemuliaan yang dikaruniakan Allah di Perang Badr bersama beberapa orang Muslim, melihat kehadirann..",294,"...suatu kemenangan, maka mereka mengadakan pesta di Badr selama tiga malam. Pada hari ketiga dari Perang Badr, beliau meminta hewan kendaraannya dan mengikatny..."
Umar bin Al-Khaththab,Perang Badr,Habasyah,308-310 | 359-360 | 515-517 | 531-532,"...Setelah itu dia berangkat hingga tiba di Madinah. Umar bin Al-Khaththab yang sedang membicarakan kemuliaan yang dikaruniakan Allah di Perang Badr bersama beberapa orang Muslim, melihat kehadirann..",324-325,"...erangi orang-orang Muslim, entah dia berasal dari Habasyah. Kinanah, atau pun Tihamah. Untuk keperluan ini mereka menggunakan segala cara untuk membangkitkan semangat manusia. Bahkan Shafwan bin Um"
Umar bin Al-Khaththab,Perang Badr,Madinah,308-310 | 359-360 | 515-517 | 531-532,"...Setelah itu dia berangkat hingga tiba di Madinah. Umar bin Al-Khaththab yang sedang membicarakan kemuliaan yang dikaruniakan Allah di Perang Badr bersama beberapa orang Muslim, melihat kehadirann..",277-279 | 315-316 | 327-328 | 385-386,"...a, ""Tidak. Demi yang telah menyelamatkan aku dari Perang Badr."" Setelah pasukan Quraisy agak tenang, mereka mengutus Umair bin Wahb Al-Jumahi untuk menyelidiki dan menaksir seberapa besar kekuatan "
Umar bin Al-Khaththab,Perang Badr,Makkah,308-310 | 359-360 | 515-517 | 531-532,"...Setelah itu dia berangkat hingga tiba di Madinah. Umar bin Al-Khaththab yang sedang membicarakan kemuliaan yang dikaruniakan Allah di Perang Badr bersama beberapa orang Muslim, melihat kehadirann..",306-307,"...menjadi rute perjalanan dagang yang menghubungkan Makkah ke Syam. Peperangan ini terjadi pada bulan Syawwal 2 Hijriyah, selang tujuh hari sepulang dari Badr. Beliau mengangkat Siba bin Arfazhah seb"
Umar bin Al-Khaththab,Perang Badr,Najd,308-310 | 359-360 | 515-517 | 531-532,"...Setelah itu dia berangkat hingga tiba di Madinah. Umar bin Al-Khaththab yang sedang membicarakan kemuliaan yang dikaruniakan Allah di Perang Badr bersama beberapa orang Muslim, melihat kehadirann..",306-307,"...salah satu mata air Bani Sulaim, yang terletak di Najd, dan menjadi rute perjalanan dagang yang menghubungkan Makkah ke Syam. Peperangan ini terjadi pada bulan Syawwal 2 Hijriyah, selang tujuh hari"
Umar bin Al-Khaththab,Perang Badr,Syam,308-310 | 359-360 | 515-517 | 531-532,"...Setelah itu dia berangkat hingga tiba di Madinah. Umar bin Al-Khaththab yang sedang membicarakan kemuliaan yang dikaruniakan Allah di Perang Badr bersama beberapa orang Muslim, melihat kehadirann..",306-307 | 387-389,"...te perjalanan dagang yang menghubungkan Makkah ke Syam. Peperangan ini terjadi pada bulan Syawwal 2 Hijriyah, selang tujuh hari sepulang dari Badr. Beliau mengangkat Siba bin Arfazhah sebagai waki."
Umar bin Al-Khaththab,Perang Badr,Tihamah,308-310 | 359-360 | 515-517 | 531-532,"...Setelah itu dia berangkat hingga tiba di Madinah. Umar bin Al-Khaththab yang sedang membicarakan kemuliaan yang dikaruniakan Allah di Perang Badr bersama beberapa orang Muslim, melihat kehadirann..",324-325,"...ntah dia berasal dari Habasyah. Kinanah, atau pun Tihamah. Untuk keperluan ini mereka menggunakan segala cara untuk membangkitkan semangat manusia. Bahkan Shafwan bin Umayyah membujuk Abu Azzah, se"
Umar bin Al-Khaththab,Perang Badr,Yatsrib,308-310 | 359-360 | 515-517 | 531-532,"...Setelah itu dia berangkat hingga tiba di Madinah. Umar bin Al-Khaththab yang sedang membicarakan kemuliaan yang dikaruniakan Allah di Perang Badr bersama beberapa orang Muslim, melihat kehadirann..",165-168,"...Makkah. Tatkala Abu Jahal mengajaknya pergi saat Perang Badr, dia membeli seekor onta paling bagus di Makkah yang memungkinkan dapat digunakan untuk melarikan diri jika diperlukan ""Wahai Abu Sufyan"
Umar bin Al-Khaththab,Perang Khandaq,Khandaq,390-404,"...m. Di dalam Ashahihain disebutan dari Jabir bahwa Umar bin Al-Khaththab muncul pada waktu Perang Khandaq, lalu dia terus-menerus mengolok-olok orang-orang...",390-404,"...enurut riwayat Ibnu Sa'd, Rasulullah kembali dari Khandaq pada hari Rabu, seminggu sebelum habisnya bulan Dzul Qa'dah. Pasukan Muslim berhadapan dengan Perang Khandaq atau Ahzab bukan merupakan pas"
Umar bin Al-Khaththab,Perang Khandaq,Madinah,390-404,"...m. Di dalam Ashahihain disebutan dari Jabir bahwa Umar bin Al-Khaththab muncul pada waktu Perang Khandaq, lalu dia terus-menerus mengolok-olok orang-orang...",390-404 | 405-411,"...umatkan kekuatan lebih kecil yang sedang mekar di Madinah. Sebab bangsa Arab tidak sanggup menghimpun kekuatan yang lebih besar daripada pasukan Ahzab ini Oleh karena itu Rasulullah bersabda, tatka"
Umar bin Al-Khaththab,Perang Khandaq,Yaman,390-404,"...m. Di dalam Ashahihain disebutan dari Jabir bahwa Umar bin Al-Khaththab muncul pada waktu Perang Khandaq, lalu dia terus-menerus mengolok-olok orang-orang...",182-188,"...atau delapan puluh keluarga dari kaumnya setelah Perang Al-Khandaq. Kemudian dia mendapat cobaan yang baik demi Islam, terbunuh sebagai seorang yang mati syahid pada Perang 5._ Dhimad Al-Azdi Dia b"
Umar bin Al-Khaththab,Perang Uhud,Aqabah,357-358,"...uhi geribanya, lalu maju lagi untuk memberi minum Umar berkata, ""Ummu Sulaith memberikan geriba kepada kami pada waktu Perang Uhud."" Di antara para wanita itu ada juga Ummu Aiman....",174-180,"...galami suatu hari yang lebih berat daripada waktu Perang Uhud?"" Beliau menjawab, Aku sudah mendapatkan apa yang pernah kudapatkan dari kaummu. Namun yang paling berat adalah saat di Aqabah. Saat it"
Umar bin Al-Khaththab,Perang Uhud,Jabal Uhud,357-358,"...uhi geribanya, lalu maju lagi untuk memberi minum Umar berkata, ""Ummu Sulaith memberikan geriba kepada kami pada waktu Perang Uhud."" Di antara para wanita itu ada juga Ummu Aiman....",321-323,...ghadapi orang-orang Muslim. Inilah yang mengawali Perang Uhud Jabal Uhud
Umar bin Al-Khaththab,Perang Uhud,Madinah,357-358,"...uhi geribanya, lalu maju lagi untuk memberi minum Umar berkata, ""Ummu Sulaith memberikan geriba kepada kami pada waktu Perang Uhud."" Di antara para wanita itu ada juga Ummu Aiman....",377,"...wanan terhadap orang-orang Muslim setelah tragedi Uhud adalah Bani As'ad bin Khuzaimah. Mata-mata Madinah mencium bahwa Thalhah dan Salamah, anak Khuailid,..."
Umar bin Al-Khaththab,Perang Yarmuk,Syam,47-48,"...bagai kaki tangan imperium Romawi, hingga meletus Perang Yarmuk pada tahun 13 H. Raja mereka yang terakhir, Jabalah bin Al-Aiham dapat ditarik masuk ke dalam Islam pada masa Amirul-Mukminin Umar bi",47-48,"...kat mereka sebagai raja bagi semua bangsa Arab di Syam Ibukotanya adalah Dumatul-Jandal. Suku Ghassan ini terus berkuasa sebagai kaki tangan imperium Romawi, hingga meletus Perang Yarmuk pada tahun"
Umar bin Al-Khaththab,Perjanjian Hudaibiyah,Habasyah,449-450,"...atan mereka."" 220 Lihat rincian tentang peristiwa Hudaibiyah dan gencatan senjata ini dalam Fathul Bari, 7/439-458; Shahih Bukhari, 1/378-381, 2/589, 600, 717; Shahih Muslim, 2/140, 105-106; SirahA",453-456,"...n teks surat yang ditulis Nabi setelah perjanjian Hudaibiyah, tetapi boleh jadi itu merupakan surat yang dibawa Ja'far ketika dia hijrah ke Habasyah bersama rekan-rekannya semasa periode Makkah. Ap"
Umar bin Al-Khaththab,Perjanjian Hudaibiyah,Jazirah Arab,449-450,"...atan mereka."" 220 Lihat rincian tentang peristiwa Hudaibiyah dan gencatan senjata ini dalam Fathul Bari, 7/439-458; Shahih Bukhari, 1/378-381, 2/589, 600, 717; Shahih Muslim, 2/140, 105-106; SirahA",430-432,"...baru tampak jelas dengan dikukuhkannya perjanjian Hudaibiyah. Genjatan yang ada justru merupakan pengakuan terhadap kekuatan Islam, yang mampu menguasai sekian banyak wilayah Jazirah Arab."
Umar bin Al-Khaththab,Perjanjian Hudaibiyah,Khaibar,449-450,"...atan mereka."" 220 Lihat rincian tentang peristiwa Hudaibiyah dan gencatan senjata ini dalam Fathul Bari, 7/439-458; Shahih Bukhari, 1/378-381, 2/589, 600, 717; Shahih Muslim, 2/140, 105-106; SirahA",486-487,"...dari peran orang-orang yang ikut dalam peristiwa Hudaibiyah. Setiap kuda yang ikut mendapat dua bagian, penunggangnya mendapat tiga bagian, sedangkan pejalan kaki mendapat satu bagian. Banyaknya ha"
Umar bin Al-Khaththab,Perjanjian Hudaibiyah,Madinah,449-450,"...atan mereka."" 220 Lihat rincian tentang peristiwa Hudaibiyah dan gencatan senjata ini dalam Fathul Bari, 7/439-458; Shahih Bukhari, 1/378-381, 2/589, 600, 717; Shahih Muslim, 2/140, 105-106; SirahA",474,"Sepulang dari Hudaibiyah, Rasulullah berada di Madinah pada bulan Dzul Hijjah dan sebagian Muharram. Pad..."
Umar bin Al-Khaththab,Perjanjian Hudaibiyah,Makkah,449-450,"...atan mereka."" 220 Lihat rincian tentang peristiwa Hudaibiyah dan gencatan senjata ini dalam Fathul Bari, 7/439-458; Shahih Bukhari, 1/378-381, 2/589, 600, 717; Shahih Muslim, 2/140, 105-106; SirahA",453-456,"...n teks surat yang ditulis Nabi setelah perjanjian Hudaibiyah, tetapi boleh jadi itu merupakan surat yang dibawa Ja'far ketika dia hijrah ke Habasyah bersama rekan-rekannya semasa periode Makkah. Ap"